sector,bank,year,nii,roa,dep_ratio,prov_npa,total_staff,inflation,roa_risk,nii_opinc,loanratio,equityratio,log_ta,tagr,gdp_grth,gfce,roa_risk_5yr,govt_exp,repo,hhi_nii,diverse
Foreign,AB BANK LTD.,2005,3.68,2.87,34.2,0.01,26,3.77,2.2152,79.8265,31.862,65.4048,4.2257,-1.38,7.9234,10.3661,1.3432,13.69,6.0,0.6398,-10577.95
Foreign,AB BANK LTD.,2006,4.05,3.43,31.41,0.1,26,4.25,2.6474,73.5027,50.4594,67.9164,4.2118,-1.38,8.0607,9.8025,1.6053,13.58,6.5,0.607,-10033.55
Foreign,AB BANK LTD.,2007,4.85,3.42,34.53,0.18,27,5.8,2.6397,93.0902,46.5331,64.5749,4.2682,5.63,7.6608,9.8621,1.6006,14.29,7.0,0.5817,-16191.43
Foreign,AB BANK LTD.,2008,4.45,3.84,39.11,0.27,26,6.37,2.9638,75.2961,32.9401,59.7159,4.3674,9.93,3.0867,10.5385,1.7972,15.7,7.0,0.7086,-11338.01
Foreign,AB BANK LTD.,2009,7.6,4.75,38.31,0.53,27,8.35,3.6662,95.0,35.2948,60.301,4.3952,2.78,7.8619,11.4597,2.2231,15.82,5.0,0.7235,-12258.77
Foreign,AB BANK LTD.,2010,12.46,5.58,38.28,0.41,28,10.88,4.3068,137.5276,19.6295,60.9229,4.4771,8.19,8.4976,11.0076,2.6115,15.38,4.25,0.8695,-20239.53
Foreign,AB BANK LTD.,2011,15.96,4.53,47.2,0.29,30,11.99,3.4964,139.1456,61.3561,50.2431,4.7643,28.72,5.2413,11.0845,2.7309,14.93,6.5,0.8648,-20570.59
Foreign,AB BANK LTD.,2012,18.69,7.05,39.04,0.16,27,8.86,5.4414,130.1532,58.5328,58.5764,4.7406,-2.37,5.4564,10.6839,4.2501,14.18,8.5,0.8993,-18185.4
Foreign,AB BANK LTD.,2013,18.32,5.03,61.23,0.04,32,9.31,3.8823,121.4854,31.5075,37.8575,5.2896,54.91,6.3861,10.2952,3.0324,13.88,7.9,0.9095,-16857.39
Foreign,AB BANK LTD.,2014,22.3,4.22,59.22,0.39,31,11.06,3.2571,163.8501,31.008,39.6616,5.3348,4.52,7.4102,10.4409,2.5441,13.34,7.75,0.9599,-30266.52
Foreign,AB BANK LTD.,2015,26.09,5.13,57.34,0.72,31,6.65,3.9595,124.0019,29.7745,41.2235,5.4173,8.25,7.9962,10.4283,3.0927,13.0,8.0,0.8942,-16810.38
Foreign,AB BANK LTD.,2016,27.71,3.07,59.84,1.05,32,4.91,2.3695,131.0165,24.706,36.9,5.5282,11.09,8.2563,10.3085,1.2122,12.8,6.75,0.9015,-18620.22
Foreign,AB BANK LTD.,2017,28.32,3.48,56.19,4.2,32,4.95,2.686,159.4595,26.2607,40.4128,5.4919,-3.62,6.7954,10.7672,1.3741,12.53,6.25,0.7976,-27171.83
Foreign,AB BANK LTD.,2018,26.39,4.17,55.03,4.2,31,3.33,3.2185,145.0797,23.7847,41.984,5.3599,-13.2,6.533,10.7885,1.6465,12.2,6.0,0.7637,-22494.38
Foreign,AB BANK LTD.,2019,28.05,4.28,59.19,4.2,31,3.95,3.3034,136.8293,20.3645,38.9106,5.5224,16.25,4.0416,11.228,1.69,13.21,6.5,0.757,-20165.25
Foreign,AB BANK LTD.,2020,26.01,1.31,52.02,4.2,31,3.72,1.0111,358.2645,27.0488,45.8925,5.3152,-20.72,-7.9646,12.6008,0.5173,17.6,5.25,0.7547,-20165.25
Foreign,ABU DHABI COMMERCIAL BANK,2005,40.47,-2.57,85.22,31.66,40,3.77,-1.1349,28.3165,4.6057,3.6507,7.576,-104.03,7.9234,10.3661,-1.2028,13.69,6.0,0.7434,-11786.78
Foreign,ABU DHABI COMMERCIAL BANK,2006,7.61,0.35,66.54,0.28,38,4.25,0.1546,7.2483,17.2068,10.9963,6.5357,-104.03,8.0607,9.8025,0.1638,13.58,6.5,0.7987,-11303.82
Foreign,ABU DHABI COMMERCIAL BANK,2007,15.43,0.23,59.74,3.8,36,5.8,0.1016,35.7341,25.6515,9.7991,6.676,14.03,7.6608,9.8621,0.1076,14.29,7.0,0.7059,-12947.73
Foreign,ABU DHABI COMMERCIAL BANK,2008,6.74,3.96,71.76,-19.0,39,6.37,1.7487,15.0514,28.1065,18.5417,6.3573,-31.87,3.0867,10.5385,1.8533,15.7,7.0,0.3927,-21120.58
Foreign,ABU DHABI COMMERCIAL BANK,2009,5.32,2.4,77.6,-5.36,40,8.35,1.0598,13.31,20.9493,18.8103,6.4853,12.8,7.8619,11.4597,1.1232,15.82,5.0,0.3947,-14477.85
Foreign,ABU DHABI COMMERCIAL BANK,2010,3.28,1.13,77.41,-0.32,41,10.88,0.499,10.4759,22.5612,19.3812,6.5154,3.01,8.4976,11.0076,0.5289,15.38,4.25,0.5056,-17340.02
Foreign,ABU DHABI COMMERCIAL BANK,2011,3.51,1.12,59.52,-6.27,43,11.99,0.4946,11.0586,18.9972,14.6585,6.8556,34.02,5.2413,11.0845,0.6752,14.93,6.5,0.5633,-18313.13
Foreign,ABU DHABI COMMERCIAL BANK,2012,4.67,1.87,51.12,-4.43,47,8.86,0.8258,7.3986,23.715,25.3567,7.1061,25.06,5.4564,10.6839,1.1273,14.18,8.5,0.5064,-14562.69
Foreign,ABU DHABI COMMERCIAL BANK,2013,6.65,1.4,43.01,-3.09,51,9.31,0.6182,6.6673,31.7415,19.9907,7.4011,29.49,6.3861,10.2952,0.844,13.88,7.9,0.4716,-13940.68
Foreign,ABU DHABI COMMERCIAL BANK,2014,11.81,0.56,71.57,16.4,53,11.06,0.2473,8.6311,48.707,14.6919,7.7405,33.94,7.4102,10.4409,0.3376,13.34,7.75,0.443,-12025.55
Foreign,ABU DHABI COMMERCIAL BANK,2015,13.85,0.57,73.95,4.3,69,6.65,0.2517,8.4333,66.0924,13.2302,7.8848,14.43,7.9962,10.4283,0.3436,13.0,8.0,0.6012,-12372.84
Foreign,ABU DHABI COMMERCIAL BANK,2016,21.6,0.67,77.37,3.32,70,4.91,0.2959,12.8281,74.1334,13.6898,7.8984,1.37,8.2563,10.3085,0.2646,12.8,6.75,0.5736,-12266.44
Foreign,ABU DHABI COMMERCIAL BANK,2017,26.54,0.54,81.65,2.33,78,4.95,0.2385,14.3825,66.4954,11.0652,8.1534,25.49,6.7954,10.7672,0.2132,12.53,6.25,0.3955,-11746.99
Foreign,ABU DHABI COMMERCIAL BANK,2018,19.57,0.6,67.93,1.35,88,3.33,0.265,12.4689,59.4054,11.7304,8.1368,-1.66,6.533,10.7885,0.2369,12.2,6.0,0.4074,-13476.0
Foreign,ABU DHABI COMMERCIAL BANK,2019,5.7,-0.19,73.5,-9.68,80,3.95,-0.0839,3.8857,54.2527,14.0539,7.9418,-19.5,4.0416,11.228,-0.075,13.21,6.5,0.4074,-17190.48
Foreign,ABU DHABI COMMERCIAL BANK,2020,-5.78,-6.43,0.0,-13.43,30,3.72,-2.8395,-90.7378,54.2527,92.6023,5.7928,-19.5,-7.9646,12.6008,-2.5389,17.6,5.25,0.4074,-17190.48
Foreign,AMERICAN EXPRESS BANKING CORP.,2005,250.72,0.55,74.96,5.61,1586,3.77,0.2007,109.7387,49.0865,9.9699,8.0133,19.06,7.9234,10.3661,0.2574,13.69,6.0,0.6317,-25977.5
Foreign,AMERICAN EXPRESS BANKING CORP.,2006,303.55,1.45,61.83,5.61,1773,4.25,0.5292,115.9694,55.1845,10.9098,8.2039,19.06,8.0607,9.8025,0.6786,13.58,6.5,0.6357,-23255.53
Foreign,AMERICAN EXPRESS BANKING CORP.,2007,379.41,1.28,65.88,5.61,1982,5.8,0.4672,115.2696,39.3995,10.9579,8.3049,10.1,7.6608,9.8621,0.5991,14.29,7.0,0.4967,-21003.27
Foreign,AMERICAN EXPRESS BANKING CORP.,2009,334.79,-7.92,27.11,5.61,857,8.35,-2.8905,890.6358,57.1217,39.5342,7.104,-120.1,7.8619,11.4597,-3.7067,15.82,5.0,0.8007,-21003.27
Foreign,AMERICAN EXPRESS BANKING CORP.,2010,314.6,-4.24,38.82,-4.09,870,10.88,-1.5474,551.8331,59.6739,32.8187,7.2901,18.62,8.4976,11.0076,-1.9844,15.38,4.25,0.8506,-21003.27
Foreign,AMERICAN EXPRESS BANKING CORP.,2011,397.79,1.67,29.87,0.57,821,11.99,0.6095,908.8188,61.9953,35.9053,7.4611,17.1,5.2413,11.0845,1.0068,14.93,6.5,0.8517,-21003.27
Foreign,AMERICAN EXPRESS BANKING CORP.,2012,504.64,0.2,23.5,1.8,623,8.86,0.073,502.4793,69.088,29.311,7.6656,20.45,5.4564,10.6839,0.1206,14.18,8.5,0.8154,-21003.27
Foreign,AMERICAN EXPRESS BANKING CORP.,2013,567.32,-3.23,26.56,6.83,648,9.31,-1.1788,660.0582,67.3307,29.9361,7.84,17.44,6.3861,10.2952,-1.9472,13.88,7.9,0.8245,-21003.27
Foreign,AMERICAN EXPRESS BANKING CORP.,2014,653.69,-3.46,21.0,-4.21,755,11.06,-1.2628,543.8353,64.8033,23.2118,8.0944,25.44,7.4102,10.4409,-2.0859,13.34,7.75,0.8437,-21003.27
Foreign,AMERICAN EXPRESS BANKING CORP.,2015,720.41,-2.22,26.99,-3.41,733,6.65,-0.8102,665.7518,61.0122,26.3207,8.2472,15.28,7.9962,10.4283,-1.3383,13.0,8.0,0.8764,-21003.27
Foreign,AMERICAN EXPRESS BANKING CORP.,2016,844.93,-0.64,23.34,19.79,716,4.91,-0.2336,383.3795,64.6795,21.7368,8.4386,19.13,8.2563,10.3085,-0.2527,12.8,6.75,0.893,-21003.27
Foreign,AMERICAN EXPRESS BANKING CORP.,2017,1081.64,0.96,23.33,2.75,612,4.95,0.3504,365.3943,58.1748,19.0561,8.7203,28.18,6.7954,10.7672,0.3791,12.53,6.25,0.8796,-21003.27
Foreign,AMERICAN EXPRESS BANKING CORP.,2018,1237.45,1.27,20.85,18.7,643,3.33,0.4635,329.8635,65.9926,18.9525,8.9522,23.19,6.533,10.7885,0.5015,12.2,6.0,0.9015,-21003.27
Foreign,AMERICAN EXPRESS BANKING CORP.,2019,1421.67,0.36,24.98,45.08,672,3.95,0.1314,332.3134,62.4567,21.1429,9.0536,10.14,4.0416,11.228,0.1421,13.21,6.5,0.8893,-21003.27
Foreign,AMERICAN EXPRESS BANKING CORP.,2020,1463.68,0.07,25.81,-48.14,723,3.72,0.0255,407.4947,48.3444,21.9339,9.0177,-3.59,-7.9646,12.6008,0.0276,17.6,5.25,0.8743,-21003.27
Foreign,AUSTRALIA AND NEW ZEALAND BANKING GROUP LTD.,2012,70.48,0.05,55.49,28.08,76,8.86,0.1201,129.8453,42.1781,18.7312,8.0477,14.57,5.4564,10.6839,0.0301,14.18,8.5,0.4017,-47098.13
Foreign,AUSTRALIA AND NEW ZEALAND BANKING GROUP LTD.,2013,49.58,0.1,51.12,28.08,79,9.31,0.2402,23.9066,48.4204,23.0707,8.4987,14.57,6.3861,10.2952,0.0603,13.88,7.9,1.6671,-18964.32
Foreign,AUSTRALIA AND NEW ZEALAND BANKING GROUP LTD.,2014,43.8,0.94,37.97,-9.55,84,11.06,2.2578,20.175,36.0538,20.6752,8.6444,14.57,7.4102,10.4409,0.5667,13.34,7.75,1.007,-20410.49
Foreign,AUSTRALIA AND NEW ZEALAND BANKING GROUP LTD.,2015,123.25,1.11,38.07,12.35,85,6.65,2.6661,45.7074,38.5549,21.0063,8.6755,3.11,7.9962,10.4283,0.6692,13.0,8.0,0.3468,-13214.45
Foreign,AUSTRALIA AND NEW ZEALAND BANKING GROUP LTD.,2016,139.34,0.85,38.44,34.26,85,4.91,2.0416,51.3526,44.3434,22.3937,8.6494,-2.6,8.2563,10.3085,0.3356,12.8,6.75,0.4733,-14113.98
Foreign,AUSTRALIA AND NEW ZEALAND BANKING GROUP LTD.,2017,136.83,0.67,44.58,56.16,74,4.95,1.6093,58.6222,30.3915,20.6177,8.7607,-10.08,6.7954,10.7672,0.2646,12.53,6.25,0.5511,-14499.23
Foreign,AUSTRALIA AND NEW ZEALAND BANKING GROUP LTD.,2018,104.84,0.89,51.09,78.07,78,3.33,2.1377,41.9797,36.4972,25.6595,8.5852,-17.55,6.533,10.7885,0.3514,12.2,6.0,0.5519,-15013.84
Foreign,AUSTRALIA AND NEW ZEALAND BANKING GROUP LTD.,2019,94.97,0.21,52.3,99.97,78,3.95,0.5044,29.6143,29.1648,17.9878,8.9515,36.62,4.0416,11.228,0.0829,13.21,6.5,0.4145,-13629.53
Foreign,AUSTRALIA AND NEW ZEALAND BANKING GROUP LTD.,2020,100.82,1.02,43.95,-74.97,76,3.72,2.4499,26.7002,31.5542,14.2365,9.2446,29.31,-7.9646,12.6008,0.4028,17.6,5.25,0.2833,-12817.15
Foreign,BANK OF AMERICA N.A.,2005,118.73,1.46,36.27,-1.62,275,3.77,2.0332,41.6684,58.6055,26.1703,8.6112,8.26,7.9234,10.3661,0.6833,13.69,6.0,0.5125,-9881.69
Foreign,BANK OF AMERICA N.A.,2006,198.37,2.41,35.31,0.31,282,4.25,3.3561,45.7865,56.4747,26.5199,8.6938,8.26,8.0607,9.8025,1.1279,13.58,6.5,0.5939,-8530.53
Foreign,BANK OF AMERICA N.A.,2007,232.77,3.1,43.02,2.24,283,5.8,4.317,44.4982,46.1604,28.1376,8.7511,5.73,7.6608,9.8621,1.4508,14.29,7.0,0.579,-8739.76
Foreign,BANK OF AMERICA N.A.,2008,347.98,3.76,51.6,4.16,314,6.37,5.2361,50.1232,42.5114,29.6888,9.0022,25.11,3.0867,10.5385,1.7597,15.7,7.0,0.5169,-7986.37
Foreign,BANK OF AMERICA N.A.,2009,393.33,3.42,42.32,6.09,293,8.35,4.7626,47.6717,34.0866,27.9125,9.1948,19.25,7.8619,11.4597,1.6006,15.82,5.0,0.3719,-7682.33
Foreign,BANK OF AMERICA N.A.,2010,492.86,2.6,40.73,8.02,284,10.88,3.6207,60.2806,26.9356,22.9846,9.509,31.43,8.4976,11.0076,1.2168,15.38,4.25,0.7714,-8469.48
Foreign,BANK OF AMERICA N.A.,2011,580.99,3.77,48.96,9.95,226,11.99,5.25,61.3027,48.0562,28.8804,9.4086,-10.05,5.2413,11.0845,2.2728,14.93,6.5,0.8579,-9613.61
Foreign,BANK OF AMERICA N.A.,2012,507.88,3.62,36.87,11.88,382,8.86,5.0411,41.7836,38.3571,25.0133,9.6914,11.41,5.4564,10.6839,2.1823,14.18,8.5,0.5397,-10131.24
Foreign,BANK OF AMERICA N.A.,2013,482.33,2.57,32.83,13.8,395,9.31,3.5789,35.0019,33.9207,20.095,10.0201,32.87,6.3861,10.2952,1.5493,13.88,7.9,0.261,-10611.89
Foreign,BANK OF AMERICA N.A.,2014,890.83,3.73,30.05,15.73,403,11.06,5.1943,49.1492,31.6193,19.3815,10.201,18.09,7.4102,10.4409,2.2487,13.34,7.75,0.6325,-9051.44
Foreign,BANK OF AMERICA N.A.,2015,691.13,2.52,34.21,17.66,420,6.65,3.5093,39.3914,33.0556,20.7455,10.2408,3.98,7.9962,10.4283,1.5192,13.0,8.0,0.3299,-10009.35
Foreign,BANK OF AMERICA N.A.,2016,574.73,2.58,36.88,-4.68,449,4.91,3.5928,28.5338,34.9225,18.4524,10.4732,23.23,8.2563,10.3085,1.0187,12.8,6.75,0.4334,-10919.7
Foreign,BANK OF AMERICA N.A.,2017,956.14,2.32,54.98,110.0,453,4.95,3.2308,44.5888,39.1755,20.7761,10.4587,-1.45,6.7954,10.7672,0.9161,12.53,6.25,0.3744,-9233.2
Foreign,BANK OF AMERICA N.A.,2018,676.16,2.12,50.06,-110.0,460,3.33,2.9523,34.1818,40.2801,20.9292,10.5479,8.93,6.533,10.7885,0.8371,12.2,6.0,0.4479,-11172.65
Foreign,BANK OF AMERICA N.A.,2019,904.63,2.22,41.84,-110.0,459,3.95,3.0915,36.3187,35.9749,20.4077,10.898,35.01,4.0416,11.228,0.8766,13.21,6.5,0.4231,-9994.0
Foreign,BANK OF AMERICA N.A.,2020,1071.25,1.97,54.58,-110.0,472,3.72,2.7434,27.3084,32.4837,16.8475,11.193,29.49,-7.9646,12.6008,0.7779,17.6,5.25,0.3662,-9384.77
Foreign,BANK OF BAHRAIN & KUWAIT B.S.C.,2005,2.46,-3.52,65.56,35.05,80,3.77,-1.8885,10.4282,43.8796,11.1934,6.3978,-29.77,7.9234,10.3661,-1.6474,13.69,6.0,0.4038,-21273.74
Foreign,BANK OF BAHRAIN & KUWAIT B.S.C.,2006,4.64,-1.32,73.29,2.72,68,4.25,-0.7082,21.1197,37.8947,19.6874,6.1001,-29.77,8.0607,9.8025,-0.6178,13.58,6.5,0.4038,-17796.54
Foreign,BANK OF BAHRAIN & KUWAIT B.S.C.,2007,4.62,-1.9,77.55,3.47,76,5.8,-1.0194,19.4444,36.3795,18.6879,6.1522,5.21,7.6608,9.8621,-0.8892,14.29,7.0,0.3403,-16181.47
Foreign,BANK OF BAHRAIN & KUWAIT B.S.C.,2008,8.68,4.08,74.38,0.62,94,6.37,2.1889,27.5293,52.7334,17.9239,6.2759,12.36,3.0867,10.5385,1.9095,15.7,7.0,0.2472,-13107.24
Foreign,BANK OF BAHRAIN & KUWAIT B.S.C.,2009,14.84,3.14,77.39,-9.61,103,8.35,1.6846,31.8523,47.0351,16.3381,6.4131,13.73,7.8619,11.4597,1.4696,15.82,5.0,0.2956,-11877.13
Foreign,BANK OF BAHRAIN & KUWAIT B.S.C.,2010,10.18,0.37,73.85,-9.68,106,10.88,0.1985,30.0384,55.4415,14.3734,6.5473,13.41,8.4976,11.0076,0.1732,15.38,4.25,0.3506,-15203.74
Foreign,BANK OF BAHRAIN & KUWAIT B.S.C.,2011,9.6,1.99,69.02,5.07,100,11.99,1.0676,21.6704,51.3388,14.2231,6.6145,6.72,5.2413,11.0845,1.1997,14.93,6.5,0.3561,-14231.13
Foreign,BANK OF BAHRAIN & KUWAIT B.S.C.,2012,10.66,2.14,56.53,3.1,98,8.86,1.1481,15.6672,54.1449,22.8106,7.0805,2.47,5.4564,10.6839,1.2901,14.18,8.5,0.4112,-12708.0
Foreign,BANK OF BAHRAIN & KUWAIT B.S.C.,2013,10.46,1.48,59.59,18.77,95,9.31,0.794,12.16,59.3142,24.7131,7.0628,-1.77,6.3861,10.2952,0.8922,13.88,7.9,0.3512,-12254.03
Foreign,BANK OF BAHRAIN & KUWAIT B.S.C.,2014,13.74,0.84,69.25,-6.27,97,11.06,0.4507,17.19,60.8483,24.6174,7.1006,3.78,7.4102,10.4409,0.5064,13.34,7.75,0.4473,-12492.96
Foreign,BANK OF BAHRAIN & KUWAIT B.S.C.,2015,13.3,1.24,66.96,-9.07,112,6.65,0.6653,14.4048,61.0608,25.9359,7.3524,25.18,7.9962,10.4283,0.7475,13.0,8.0,0.4587,-13616.61
Foreign,BANK OF BAHRAIN & KUWAIT B.S.C.,2016,24.42,0.08,73.32,27.06,108,4.91,0.0429,23.1821,53.2858,23.9164,7.4365,8.41,8.2563,10.3085,0.0316,12.8,6.75,0.4438,-11854.99
Foreign,BANK OF BAHRAIN & KUWAIT B.S.C.,2017,24.12,0.99,73.92,8.18,106,4.95,0.5311,20.105,58.0435,21.2085,7.5976,16.11,6.7954,10.7672,0.3909,12.53,6.25,0.3876,-11632.46
Foreign,BANK OF BAHRAIN & KUWAIT B.S.C.,2018,21.56,0.57,75.8,-52.6,108,3.33,0.3058,18.1161,68.7178,18.3456,7.7655,16.79,6.533,10.7885,0.2251,12.2,6.0,0.3955,-12662.92
Foreign,BANK OF BAHRAIN & KUWAIT B.S.C.,2019,9.64,0.38,74.57,23.81,110,3.95,0.2039,6.485,56.3127,14.4974,8.0112,24.57,4.0416,11.228,0.15,13.21,6.5,0.7024,-14145.51
Foreign,BANK OF BAHRAIN & KUWAIT B.S.C.,2020,19.46,-0.18,81.6,42.35,107,3.72,-0.0966,11.5751,48.8195,13.3316,8.0821,7.09,-7.9646,12.6008,-0.0711,17.6,5.25,0.2941,-13404.81
Foreign,BANK OF CEYLON,2005,5.81,1.19,57.66,1.24,33,3.77,0.5445,48.9057,32.7479,30.0801,5.1988,-2.0,7.9234,10.3661,0.5569,13.69,6.0,0.356,-7485.94
Foreign,BANK OF CEYLON,2006,4.31,0.25,49.1,1.97,33,4.25,0.1144,37.4783,27.4413,30.9123,5.1788,-2.0,8.0607,9.8025,0.117,13.58,6.5,0.4487,-8562.25
Foreign,BANK OF CEYLON,2007,3.45,1.25,52.19,2.69,25,5.8,0.572,31.2783,24.7013,34.3331,5.1102,-6.86,7.6608,9.8621,0.585,14.29,7.0,0.6426,-9629.88
Foreign,BANK OF CEYLON,2008,3.57,2.24,45.85,3.42,29,6.37,1.025,29.5285,25.6168,37.5255,5.0859,-2.43,3.0867,10.5385,1.0484,15.7,7.0,0.4518,-9468.17
Foreign,BANK OF CEYLON,2009,15.39,10.23,45.68,-2.98,30,8.35,4.6812,59.2151,23.9543,42.5255,5.2423,-2.16,7.8619,11.4597,4.7878,15.82,5.0,0.6591,-6324.75
Foreign,BANK OF CEYLON,2010,6.1,2.73,49.57,0.2,30,10.88,1.2492,43.5714,21.8169,46.3118,5.2235,-1.88,8.4976,11.0076,1.2777,15.38,4.25,0.4434,-8598.06
Foreign,BANK OF CEYLON,2011,4.74,3.68,49.2,-0.39,27,11.99,1.6839,32.9854,33.9012,47.3762,5.2815,5.79,5.2413,11.0845,2.2185,14.93,6.5,0.3982,-9704.87
Foreign,BANK OF CEYLON,2012,4.37,3.08,37.76,-0.31,30,8.86,1.4094,23.4191,29.1508,58.4349,5.6255,34.41,5.4564,10.6839,1.8568,14.18,8.5,0.4696,-10196.88
Foreign,BANK OF CEYLON,2013,5.02,4.26,38.61,-0.03,30,9.31,1.9493,21.0836,32.2913,56.7983,5.7344,10.89,6.3861,10.2952,2.5682,13.88,7.9,0.3589,-10765.26
Foreign,BANK OF CEYLON,2014,5.68,3.03,39.66,-0.06,30,11.06,1.3865,21.9814,49.9164,57.5528,5.7778,4.34,7.4102,10.4409,1.8267,13.34,7.75,0.429,-11102.98
Foreign,BANK OF CEYLON,2015,6.5,3.29,42.55,-0.04,30,6.65,1.5055,20.1989,60.0325,54.5327,5.8957,11.79,7.9962,10.4283,1.9834,13.0,8.0,0.4065,-10456.78
Foreign,BANK OF CEYLON,2016,7.9,3.95,40.37,-0.07,28,4.91,1.8075,22.3923,65.3764,57.085,5.9217,2.6,8.2563,10.3085,1.5597,12.8,6.75,0.383,-9559.92
Foreign,BANK OF CEYLON,2017,7.68,1.92,45.07,-0.06,25,4.95,0.8786,20.6119,69.415,49.8031,6.056,13.43,6.7954,10.7672,0.7581,12.53,6.25,0.3268,-9816.09
Foreign,BANK OF CEYLON,2018,7.62,2.27,47.57,-0.08,27,3.33,1.0387,19.7205,75.6171,48.9123,6.1255,6.95,6.533,10.7885,0.8963,12.2,6.0,0.3363,-10074.66
Foreign,BANK OF CEYLON,2019,7.33,2.98,45.76,0.73,26,3.95,1.3636,17.4899,64.1681,50.7513,6.1553,2.98,4.0416,11.228,1.1767,13.21,6.5,0.3774,-10200.18
Foreign,BANK OF CEYLON,2020,6.72,3.54,47.78,2.82,28,3.72,1.6199,16.3982,67.0998,48.5268,6.232,7.67,-7.9646,12.6008,1.3978,17.6,5.25,0.3547,-10821.98
Foreign,BANK OF NOVA SCOTIA,2005,51.92,-0.35,47.87,1.68,187,3.77,-0.3896,29.4565,61.3546,7.6902,8.1157,10.08,7.9234,10.3661,-0.1638,13.69,6.0,0.3812,-9001.03
Foreign,BANK OF NOVA SCOTIA,2006,48.97,0.83,63.62,12.94,189,4.25,0.9239,24.6204,65.936,8.1918,8.2164,10.08,8.0607,9.8025,0.3885,13.58,6.5,0.6474,-9141.66
Foreign,BANK OF NOVA SCOTIA,2007,81.77,1.73,47.18,5.61,194,5.8,1.9258,27.3387,67.3867,13.802,8.3907,17.43,7.6608,9.8621,0.8097,14.29,7.0,0.4931,-8142.06
Foreign,BANK OF NOVA SCOTIA,2008,113.66,1.73,53.26,-16.18,203,6.37,1.9258,26.5691,67.7189,10.0442,8.8607,8.33,3.0867,10.5385,0.8097,15.7,7.0,0.4151,-7568.5
Foreign,BANK OF NOVA SCOTIA,2009,171.41,2.04,42.54,0.0,195,8.35,2.2709,26.0466,68.689,12.3066,8.8531,-0.77,7.8619,11.4597,0.9547,15.82,5.0,0.4293,-7542.11
Foreign,BANK OF NOVA SCOTIA,2010,133.37,2.79,45.72,9.63,196,10.88,3.1058,26.0728,67.1231,14.0262,8.93,7.7,8.4976,11.0076,1.3058,15.38,4.25,0.4283,-7543.15
Foreign,BANK OF NOVA SCOTIA,2011,153.96,2.2,38.77,14.07,196,11.99,2.449,27.378,66.8228,13.2769,9.1513,22.13,5.2413,11.0845,1.3263,14.93,6.5,0.4349,-7494.53
Foreign,BANK OF NOVA SCOTIA,2012,228.87,2.24,42.23,18.51,195,8.86,2.4935,28.1368,59.5843,13.5165,9.3135,16.22,5.4564,10.6839,1.3504,14.18,8.5,0.4124,-7425.77
Foreign,BANK OF NOVA SCOTIA,2013,240.49,2.24,43.54,22.95,197,9.31,2.4935,25.1388,55.8397,12.8346,9.5402,22.68,6.3861,10.2952,1.3504,13.88,7.9,0.3684,-7628.14
Foreign,BANK OF NOVA SCOTIA,2014,376.65,2.79,31.12,54.14,194,11.06,3.1058,36.6266,44.512,17.7417,9.2591,-28.11,7.4102,10.4409,1.682,13.34,7.75,0.494,-6739.08
Foreign,BANK OF NOVA SCOTIA,2015,223.66,1.45,44.68,84.09,148,6.65,1.6141,26.0324,54.7941,16.2012,9.3195,6.03,7.9962,10.4283,0.8741,13.0,8.0,0.481,-8458.2
Foreign,BANK OF NOVA SCOTIA,2016,107.27,1.12,40.11,49.72,145,4.91,1.2468,16.4416,45.5019,16.0604,9.3291,0.96,8.2563,10.3085,0.4422,12.8,6.75,0.4056,-9860.97
Foreign,BANK OF NOVA SCOTIA,2017,114.94,0.97,47.93,143.28,133,4.95,1.0742,23.6395,47.1575,19.7256,9.0638,-26.53,6.7954,10.7672,0.381,12.53,6.25,0.4979,-9910.52
Foreign,BANK OF NOVA SCOTIA,2018,93.35,0.81,42.05,-2.94,134,3.33,0.9017,30.3459,52.6349,23.6873,8.9137,-15.01,6.533,10.7885,0.3198,12.2,6.0,0.7025,-11248.25
Foreign,BANK OF NOVA SCOTIA,2019,38.35,0.53,48.94,-11.47,127,3.95,0.59,11.808,34.0952,26.2396,8.834,-7.97,4.0416,11.228,0.2093,13.21,6.5,0.4631,-14375.14
Foreign,BANK OF NOVA SCOTIA,2020,38.27,0.75,54.96,-20.0,116,3.72,0.8349,16.3701,29.3764,30.0241,8.7246,-10.94,-7.9646,12.6008,0.2961,17.6,5.25,0.3597,-17118.75
Foreign,BARCLAYS BANK PLC,2005,126.48,3.29,7.99,20.58,39,3.77,1.1925,100.0316,0.2589,74.6133,6.8404,69.75,7.9234,10.3661,1.5398,13.69,6.0,0.5651,-10619.31
Foreign,BARCLAYS BANK PLC,2006,233.93,9.64,19.21,20.58,45,4.25,3.4941,94.418,0.2306,73.3704,7.5379,69.75,8.0607,9.8025,4.5117,13.58,6.5,0.6025,-9615.87
Foreign,BARCLAYS BANK PLC,2007,217.19,4.45,32.34,20.58,265,5.8,1.613,95.8473,5.5293,44.5948,8.0467,50.88,7.6608,9.8621,2.0827,14.29,7.0,0.772,-12870.94
Foreign,BARCLAYS BANK PLC,2008,567.51,0.1,53.39,20.58,2078,6.37,0.0362,113.6566,59.0612,37.6276,9.4672,142.05,3.0867,10.5385,0.0468,15.7,7.0,0.4711,-28525.8
Foreign,BARCLAYS BANK PLC,2009,589.2,0.16,60.35,542.65,1534,8.35,0.058,33.9934,50.9966,24.1744,9.9373,47.02,7.8619,11.4597,0.0749,15.82,5.0,0.4411,-14959.93
Foreign,BARCLAYS BANK PLC,2010,149.22,-3.12,33.22,469.18,1084,10.88,-1.1309,14.5108,35.5221,25.9,9.9663,2.9,8.4976,11.0076,-1.4602,15.38,4.25,0.5757,-26244.44
Foreign,BARCLAYS BANK PLC,2011,456.32,0.47,28.26,-372.85,978,11.99,0.1704,33.158,34.8453,23.2308,10.0796,11.33,5.2413,11.0845,0.2833,14.93,6.5,0.7103,-16007.39
Foreign,BARCLAYS BANK PLC,2012,-87.45,-0.91,23.64,12.07,610,8.86,-0.3298,-13.0363,38.0269,24.3394,10.033,-4.66,5.4564,10.6839,-0.5486,14.18,8.5,0.528,-37222.98
Foreign,BARCLAYS BANK PLC,2013,255.37,-0.27,15.98,-14.8,391,9.31,-0.0979,20.5171,26.7408,17.4887,10.3635,33.05,6.3861,10.2952,-0.1628,13.88,7.9,0.3456,-15110.36
Foreign,BARCLAYS BANK PLC,2014,629.69,1.17,32.53,-31.82,325,11.06,0.4241,38.0825,24.2667,16.9586,10.4157,5.21,7.4102,10.4409,0.7053,13.34,7.75,0.4996,-10050.24
Foreign,BARCLAYS BANK PLC,2015,317.36,1.62,40.59,-67.23,291,6.65,0.5872,20.3278,41.4375,17.9147,10.3793,-3.64,7.9962,10.4283,0.9766,13.0,8.0,0.715,-12298.68
Foreign,BARCLAYS BANK PLC,2016,182.38,1.62,46.57,-122.96,293,4.91,0.5872,10.9003,51.26,18.8088,10.39,-8.69,8.2563,10.3085,0.6397,12.8,6.75,1.0158,-12788.78
Foreign,BARCLAYS BANK PLC,2017,558.3,1.8,37.14,-149.26,267,4.95,0.6524,31.7467,38.7511,23.4186,10.2526,-13.74,6.7954,10.7672,0.7107,12.53,6.25,0.3411,-9381.93
Foreign,BARCLAYS BANK PLC,2018,312.89,1.24,29.06,42.67,262,3.33,0.4495,26.3771,40.2191,24.1134,10.2703,1.77,6.533,10.7885,0.4896,12.2,6.0,0.5726,-13008.93
Foreign,BARCLAYS BANK PLC,2019,233.5,1.0,31.53,163.12,247,3.95,0.3625,17.2651,38.4377,16.5391,10.5984,32.82,4.0416,11.228,0.3949,13.21,6.5,1.6424,-13376.13
Foreign,BARCLAYS BANK PLC,2020,326.98,0.86,35.87,121.03,246,3.72,0.3117,22.2491,25.5486,16.5341,10.6029,0.45,-7.9646,12.6008,0.3396,17.6,5.25,2.1001,-13172.58
Foreign,BNP PARIBAS,2005,67.61,0.5,56.85,11.65,314,3.77,0.8926,45.9432,58.3818,11.2996,7.9875,35.75,7.9234,10.3661,0.234,13.69,6.0,0.7996,-16449.17
Foreign,BNP PARIBAS,2006,72.9,0.55,49.48,-2.83,303,4.25,0.9819,37.9905,49.6543,13.2985,8.2251,23.76,8.0607,9.8025,0.2574,13.58,6.5,0.8333,-14970.63
Foreign,BNP PARIBAS,2007,136.99,1.41,49.87,-1.92,328,5.8,2.5172,44.0908,55.6646,17.7109,8.3445,41.36,7.6608,9.8621,0.6599,14.29,7.0,0.9037,-11455.99
Foreign,BNP PARIBAS,2008,256.16,1.97,42.65,-3.47,359,6.37,3.5169,47.6798,49.7123,15.9964,8.9342,58.97,3.0867,10.5385,0.922,15.7,7.0,0.5522,-9586.8
Foreign,BNP PARIBAS,2009,243.18,2.13,34.12,7.98,347,8.35,3.8025,35.4324,37.7481,16.8545,9.193,25.88,7.8619,11.4597,0.9969,15.82,5.0,0.7216,-9857.51
Foreign,BNP PARIBAS,2010,194.71,2.05,53.35,31.92,330,10.88,3.6597,35.9562,39.7201,19.4947,9.1495,-4.35,8.4976,11.0076,0.9594,15.38,4.25,0.7733,-12960.57
Foreign,BNP PARIBAS,2011,258.14,2.0,43.44,-23.96,335,11.99,3.5705,41.7236,50.964,18.875,9.2776,12.8,5.2413,11.0845,1.2057,14.93,6.5,0.5695,-12645.89
Foreign,BNP PARIBAS,2012,73.0,0.73,50.3,324.06,342,8.86,1.3032,13.0975,52.7226,17.8801,9.3699,9.23,5.4564,10.6839,0.4401,14.18,8.5,0.4798,-23014.18
Foreign,BNP PARIBAS,2013,282.0,1.7,29.54,1.5,333,9.31,3.0349,37.5469,40.9613,12.0802,9.8463,47.65,6.3861,10.2952,1.0249,13.88,7.9,0.3901,-14662.3
Foreign,BNP PARIBAS,2014,260.33,1.17,43.25,0.55,353,11.06,2.0887,24.2305,43.2266,11.5558,10.2667,42.03,7.4102,10.4409,0.7053,13.34,7.75,0.3693,-13505.1
Foreign,BNP PARIBAS,2015,340.76,1.31,49.59,-0.41,375,6.65,2.3387,21.8648,49.158,12.5278,10.2711,0.44,7.9962,10.4283,0.7897,13.0,8.0,0.3066,-12234.68
Foreign,BNP PARIBAS,2016,442.81,1.26,60.08,-0.09,412,4.91,2.2494,23.3338,54.3768,10.7697,10.5122,24.11,8.2563,10.3085,0.4975,12.8,6.75,0.3912,-11193.3
Foreign,BNP PARIBAS,2017,307.41,1.01,54.56,-6.05,393,4.95,1.8031,14.0876,41.89,12.2143,10.6525,14.03,6.7954,10.7672,0.3988,12.53,6.25,0.3906,-11651.67
Foreign,BNP PARIBAS,2018,354.47,1.1,55.68,-6.05,401,3.33,1.9638,17.7911,43.4745,13.8835,10.6975,4.5,6.533,10.7885,0.4343,12.2,6.0,0.4889,-11805.61
Foreign,BNP PARIBAS,2019,244.27,1.15,52.18,-6.05,417,3.95,2.053,12.0074,36.9806,17.0478,10.6004,-9.71,4.0416,11.228,0.4541,13.21,6.5,0.3136,-12857.78
Foreign,BNP PARIBAS,2020,41.18,0.49,43.74,-6.05,395,3.72,0.8748,2.4133,30.7133,16.185,10.7912,-9.71,-7.9646,12.6008,0.1935,17.6,5.25,0.3136,-19692.05
Foreign,CITIBANK N.A.,2005,943.8,2.84,63.55,195.14,2754,3.77,5.2147,49.064,53.5727,9.7933,10.4284,22.81,7.9234,10.3661,1.3292,13.69,6.0,0.6043,-15518.51
Foreign,CITIBANK N.A.,2006,1043.07,3.07,61.43,103.66,3250,4.25,5.637,40.3851,53.8218,9.5672,10.7241,29.57,8.0607,9.8025,1.4368,13.58,6.5,0.5998,-15706.73
Foreign,CITIBANK N.A.,2007,1345.83,2.79,57.08,277.42,5194,5.8,5.1229,34.7148,49.5207,9.9502,11.1028,37.87,7.6608,9.8621,1.3058,14.29,7.0,0.6174,-13989.7
Foreign,CITIBANK N.A.,2008,2446.12,2.24,55.01,616.66,4782,6.37,4.113,39.2589,45.7675,11.1524,11.3368,23.4,3.0867,10.5385,1.0484,15.7,7.0,0.4496,-10702.35
Foreign,CITIBANK N.A.,2009,3582.3,2.12,49.09,1607.2,4795,8.35,3.8927,45.72,37.9238,10.942,11.5642,22.74,7.8619,11.4597,0.9922,15.82,5.0,0.3869,-9710.64
Foreign,CITIBANK N.A.,2010,1591.34,0.96,57.02,1649.12,4613,10.88,1.7627,29.9829,38.3868,14.152,11.4668,-9.75,8.4976,11.0076,0.4493,15.38,4.25,0.6676,-13979.74
Foreign,CITIBANK N.A.,2011,1947.21,1.37,50.78,566.9,5327,11.99,2.5155,35.4069,36.3817,13.4073,11.6226,15.58,5.2413,11.0845,0.8259,14.93,6.5,0.952,-14248.06
Foreign,CITIBANK N.A.,2012,1393.26,1.64,50.38,477.57,5176,8.86,3.0113,21.9085,36.6767,12.4462,11.7631,14.06,5.4564,10.6839,0.9887,14.18,8.5,0.959,-15397.93
Foreign,CITIBANK N.A.,2013,1997.22,2.12,51.85,388.24,5397,9.31,3.8927,24.9073,40.5321,13.5373,11.7628,-0.04,6.3861,10.2952,1.2781,13.88,7.9,0.5943,-12983.31
Foreign,CITIBANK N.A.,2014,3004.13,2.07,54.02,424.04,5683,11.06,3.8009,32.1543,38.984,12.7355,11.8844,12.16,7.4102,10.4409,1.2479,13.34,7.75,0.3863,-10719.35
Foreign,CITIBANK N.A.,2015,3331.09,2.43,64.07,88.3,5758,6.65,4.4619,32.0624,43.8811,14.2721,11.8406,-4.38,7.9962,10.4283,1.4649,13.0,8.0,0.3626,-10685.65
Foreign,CITIBANK N.A.,2016,3165.38,2.2,65.03,379.95,5422,4.91,4.0396,30.4078,39.9376,13.3183,11.9455,10.49,8.2563,10.3085,0.8687,12.8,6.75,0.3624,-11484.32
Foreign,CITIBANK N.A.,2017,3732.99,2.45,70.1,461.35,5274,4.95,4.4986,35.935,36.9679,14.6549,11.9076,10.23,6.7954,10.7672,0.9674,12.53,6.25,0.3947,-11411.39
Foreign,CITIBANK N.A.,2018,3433.53,2.23,69.35,503.44,5056,3.33,4.0947,34.6157,33.9862,13.7402,12.0072,9.96,6.533,10.7885,0.8805,12.2,6.0,0.4947,-12351.3
Foreign,CITIBANK N.A.,2019,3827.83,2.57,68.51,568.36,4765,3.95,4.719,34.8366,32.9987,12.9285,12.1371,12.99,4.0416,11.228,1.0148,13.21,6.5,0.4751,-11995.54
Foreign,CITIBANK N.A.,2020,4752.81,2.55,72.15,701.02,4727,3.72,4.6822,35.2484,30.3964,12.1269,12.2959,15.88,-7.9646,12.6008,1.0069,17.6,5.25,0.381,-10464.17
Foreign,COMMONWEALTH BANK OF AUSTRALIA,2011,1.98,-11.5,1.13,0.0,29,11.99,-2.9414,-11.8421,13.9553,27.3124,5.2393,19.39,5.2413,11.0845,-6.9329,14.93,6.5,0.5005,-2615.37
Foreign,COMMONWEALTH BANK OF AUSTRALIA,2012,6.91,-2.99,4.78,0.0,27,8.86,-0.7648,-132.6295,39.2904,28.1008,5.4331,19.39,5.4564,10.6839,-1.8025,14.18,8.5,0.5997,-4683.62
Foreign,COMMONWEALTH BANK OF AUSTRALIA,2013,5.09,-2.56,16.87,0.0,29,9.31,-0.6548,-142.1788,54.3222,28.059,5.7175,28.43,6.3861,10.2952,-1.5433,13.88,7.9,0.5292,-6751.87
Foreign,COMMONWEALTH BANK OF AUSTRALIA,2014,3.6,-1.07,12.22,0.0,26,11.06,-0.2737,108.1081,69.9452,25.5137,6.1922,47.48,7.4102,10.4409,-0.6451,13.34,7.75,2.2967,-8820.12
Foreign,COMMONWEALTH BANK OF AUSTRALIA,2015,0.28,-0.53,18.15,0.0,33,6.65,-0.1356,2.4867,72.2069,25.9359,6.2953,10.31,7.9962,10.4283,-0.3195,13.0,8.0,2.2967,-10888.37
Foreign,COMMONWEALTH BANK OF AUSTRALIA,2016,-2.57,-1.94,20.73,0.0,30,4.91,-0.4962,-151.1765,63.3448,23.044,6.1604,-13.49,8.2563,10.3085,-0.766,12.8,6.75,2.2967,-12956.62
Foreign,COMMONWEALTH BANK OF AUSTRALIA,2017,-0.51,-6.75,0.33,0.0,7,4.95,-1.7265,3.5245,63.3448,26.6696,5.2635,-89.7,6.7954,10.7672,-2.6653,12.53,6.25,2.2967,-15024.87
Foreign,COOPERATIEVE RABOBANK U.A.,2012,22.47,0.4,1.82,-54.52,43,8.86,0.133,178.475,54.5977,93.5184,6.4667,120.32,5.4564,10.6839,0.2411,14.18,8.5,0.5373,-45733.82
Foreign,COOPERATIEVE RABOBANK U.A.,2013,20.88,1.42,9.79,-40.14,55,9.31,0.472,59.572,69.2279,72.0422,6.7477,28.1,6.3861,10.2952,0.8561,13.88,7.9,0.4962,-45733.82
Foreign,COOPERATIEVE RABOBANK U.A.,2014,55.66,2.66,29.81,-25.76,61,11.06,0.8841,72.9489,62.2991,46.9131,7.2203,47.26,7.4102,10.4409,1.6036,13.34,7.75,0.6177,-18271.16
Foreign,COOPERATIEVE RABOBANK U.A.,2015,47.46,1.05,35.46,-11.38,64,6.65,0.349,48.8372,64.9172,39.4975,7.4191,19.88,7.9962,10.4283,0.633,13.0,8.0,0.661,-23001.93
Foreign,COOPERATIEVE RABOBANK U.A.,2016,59.88,1.13,48.68,3.0,55,4.91,0.3756,36.6665,56.6905,41.4715,8.0561,63.69,8.2563,10.3085,0.4462,12.8,6.75,0.501,-14525.3
Foreign,COOPERATIEVE RABOBANK U.A.,2017,39.25,-4.15,57.51,273.62,64,4.95,-1.3794,22.9385,50.6629,34.1557,8.1394,49.56,6.7954,10.7672,-1.6386,12.53,6.25,0.5422,-18127.8
Foreign,COOPERATIEVE RABOBANK U.A.,2018,30.66,-6.35,50.97,166.19,67,3.33,-2.1106,16.194,65.147,18.9615,8.4938,35.44,6.533,10.7885,-2.5073,12.2,6.0,0.8826,-17048.96
Foreign,COOPERATIEVE RABOBANK U.A.,2019,36.51,1.85,64.62,-109.88,64,3.95,0.6149,11.8083,59.9362,15.3831,8.809,31.52,4.0416,11.228,0.7305,13.21,6.5,1.6502,-15513.18
Foreign,COOPERATIEVE RABOBANK U.A.,2020,10.64,-0.84,73.17,-36.2,62,3.72,-0.2792,3.7645,39.9483,15.4464,8.7542,-5.48,-7.9646,12.6008,-0.3317,17.6,5.25,1.6502,-20779.58
Foreign,CREDIT AGRICOLE,2005,22.47,-0.8,69.38,-3.75,105,3.77,-0.3574,25.9769,35.8254,17.4284,7.5401,-0.45,7.9234,10.3661,-0.3744,13.69,6.0,1.3069,-18981.61
Foreign,CREDIT AGRICOLE,2006,107.11,4.3,19.86,-3.75,108,4.25,1.921,58.1582,54.0013,38.3174,7.5356,-0.45,8.0607,9.8025,2.0125,13.58,6.5,0.9582,-8349.34
Foreign,CREDIT AGRICOLE,2007,151.69,4.6,23.42,-4.77,109,5.8,2.055,63.0125,30.3285,23.6068,8.1041,56.85,7.6608,9.8621,2.1529,14.29,7.0,0.648,-8846.28
Foreign,CREDIT AGRICOLE,2008,230.02,4.2,24.89,-1.0,131,6.37,1.8763,57.7475,39.7514,18.6264,8.4249,32.08,3.0867,10.5385,1.9657,15.7,7.0,0.7215,-8138.85
Foreign,CREDIT AGRICOLE,2009,254.93,4.1,12.37,-0.33,120,8.35,1.8316,50.79,26.6491,13.752,8.7972,37.23,7.8619,11.4597,1.9189,15.82,5.0,0.6135,-7347.0
Foreign,CREDIT AGRICOLE,2010,239.75,1.72,15.09,138.13,110,10.88,0.7684,49.0076,31.636,19.036,8.8627,6.55,8.4976,11.0076,0.805,15.38,4.25,0.5744,-6944.4
Foreign,CREDIT AGRICOLE,2011,180.3,0.89,8.89,105.78,109,11.99,0.3976,39.6665,43.317,18.416,8.9308,6.81,5.2413,11.0845,0.5365,14.93,6.5,1.0796,-8159.92
Foreign,CREDIT AGRICOLE,2012,263.31,4.92,11.9,73.32,106,8.86,2.1979,42.9676,24.9992,22.6385,8.9457,1.49,5.4564,10.6839,2.9661,14.18,8.5,0.7126,-7298.07
Foreign,CREDIT AGRICOLE,2013,92.17,3.21,9.88,40.86,92,9.31,1.434,21.4583,39.8502,29.1606,8.705,-24.07,6.3861,10.2952,1.9352,13.88,7.9,0.5357,-10538.77
Foreign,CREDIT AGRICOLE,2014,76.38,2.05,6.92,8.4,95,11.06,0.9158,21.3185,17.344,12.3402,9.6181,91.31,7.4102,10.4409,1.2359,13.34,7.75,0.5891,-11491.73
Foreign,CREDIT AGRICOLE,2015,107.99,0.84,8.07,-8.39,92,6.65,0.3753,28.2941,32.4142,14.9776,9.4752,-14.29,7.9962,10.4283,0.5064,13.0,8.0,0.4502,-10738.86
Foreign,CREDIT AGRICOLE,2016,98.04,0.67,15.32,61.45,93,4.91,0.2993,25.0108,41.9572,15.0985,9.5031,2.79,8.2563,10.3085,0.2646,12.8,6.75,0.4414,-11575.23
Foreign,CREDIT AGRICOLE,2017,62.46,-1.28,14.52,272.83,90,4.95,-0.5718,17.2085,34.5925,14.2748,9.4531,-15.36,6.7954,10.7672,-0.5054,12.53,6.25,0.3066,-14280.14
Foreign,CREDIT AGRICOLE,2018,2.35,-2.36,29.63,326.9,91,3.33,-1.0543,0.7932,42.6324,16.9978,9.1181,-33.5,6.533,10.7885,-0.9319,12.2,6.0,0.627,-20579.96
Foreign,CREDIT AGRICOLE,2019,8.15,1.17,17.51,-72.37,98,3.95,0.5227,2.2034,32.5771,11.0725,9.6449,52.68,4.0416,11.228,0.462,13.21,6.5,0.9474,-20363.38
Foreign,CREDIT AGRICOLE,2020,46.4,0.68,30.74,-72.37,98,3.72,0.3038,10.1638,23.6522,9.0461,9.9671,32.21,-7.9646,12.6008,0.2685,17.6,5.25,1.2678,-15674.23
Foreign,CREDIT SUISSE AG,2012,123.83,6.38,14.05,4.64,32,8.86,2.8884,72.9528,10.0789,49.0306,7.8162,31.96,5.4564,10.6839,3.8462,14.18,8.5,1.082,-8830.9
Foreign,CREDIT SUISSE AG,2013,90.2,3.28,12.26,25.74,34,9.31,1.485,35.3019,13.3272,38.2679,8.1358,31.96,6.3861,10.2952,1.9774,13.88,7.9,0.7117,-8470.66
Foreign,CREDIT SUISSE AG,2014,47.58,1.62,55.83,46.83,34,11.06,0.7334,14.4708,9.0948,14.5886,9.1521,101.64,7.4102,10.4409,0.9766,13.34,7.75,0.549,-11552.47
Foreign,CREDIT SUISSE AG,2015,289.23,2.93,56.75,67.93,38,6.65,1.3265,31.9468,12.3565,14.6285,9.312,15.99,7.9962,10.4283,1.7664,13.0,8.0,0.5067,-6873.15
Foreign,CREDIT SUISSE AG,2016,87.36,1.48,58.63,89.02,37,4.91,0.67,11.8838,15.9311,15.4429,9.3434,3.14,8.2563,10.3085,0.5844,12.8,6.75,1.1107,-9866.25
Foreign,CREDIT SUISSE AG,2017,260.58,2.99,42.83,110.12,39,4.95,1.3537,35.223,16.1133,29.3565,8.8284,-51.49,6.7954,10.7672,1.1806,12.53,6.25,0.4897,-6880.9
Foreign,CREDIT SUISSE AG,2018,-12.25,1.63,40.3,131.21,41,3.33,0.738,-3.5781,15.0382,31.2652,9.0826,25.41,6.533,10.7885,0.6436,12.2,6.0,1.3141,-15783.19
Foreign,CREDIT SUISSE AG,2019,-24.8,0.22,40.97,152.31,36,3.95,0.0996,-6.2516,15.1981,32.9082,9.0372,-4.54,4.0416,11.228,0.0869,13.21,6.5,2.1385,-15219.15
Foreign,CREDIT SUISSE AG,2020,-69.66,-1.57,28.46,-152.31,40,3.72,-0.7108,-21.0708,12.3298,26.6656,9.2055,16.83,-7.9646,12.6008,-0.6199,17.6,5.25,2.9629,-19744.3
Foreign,CTBC BANK,2005,1.43,-7.68,41.48,0.31,18,3.77,-2.9282,23.7542,50.4516,38.8301,4.7557,36.09,7.9234,10.3661,-3.5943,13.69,6.0,0.4,-23363.26
Foreign,CTBC BANK,2006,0.94,-1.71,46.81,0.31,21,4.25,-0.652,15.8784,58.9639,25.3568,5.1167,36.09,8.0607,9.8025,-0.8003,13.58,6.5,0.6366,-21897.88
Foreign,CTBC BANK,2007,1.29,0.34,54.26,0.31,21,5.8,0.1296,14.5107,61.1384,22.646,5.2448,22.04,7.6608,9.8621,0.1591,14.29,7.0,0.3724,-17708.47
Foreign,CTBC BANK,2008,1.61,1.63,44.63,0.31,26,6.37,0.6215,14.6898,62.4154,22.5323,5.3247,8.0,3.0867,10.5385,0.7629,15.7,7.0,0.4175,-17024.77
Foreign,CTBC BANK,2009,3.04,2.91,31.49,0.31,31,8.35,1.1095,23.3129,76.9075,59.9119,5.2629,-6.18,7.8619,11.4597,1.3619,15.82,5.0,0.3335,-20866.23
Foreign,CTBC BANK,2010,3.61,1.33,46.89,0.31,33,10.88,0.5071,44.2402,83.4297,48.7678,5.4966,23.37,8.4976,11.0076,0.6225,15.38,4.25,0.4078,-45002.28
Foreign,CTBC BANK,2011,5.27,1.39,33.38,0.09,37,11.99,0.53,35.9973,80.6263,42.2674,5.673,17.64,5.2413,11.0845,0.838,14.93,6.5,0.4453,-21558.25
Foreign,CTBC BANK,2012,5.85,-0.02,40.45,79.46,34,8.86,-0.0076,21.2573,78.5218,47.8618,5.8929,21.99,5.4564,10.6839,-0.0121,14.18,8.5,0.4678,-17897.52
Foreign,CTBC BANK,2013,5.31,-3.26,44.51,18.31,42,9.31,-1.243,22.702,63.8476,37.03,6.0707,17.78,6.3861,10.2952,-1.9653,13.88,7.9,0.4643,-27187.04
Foreign,CTBC BANK,2014,10.35,-4.21,35.88,46.42,47,11.06,-1.6052,53.4607,44.3886,46.227,6.5457,47.5,7.4102,10.4409,-2.538,13.34,7.75,0.5279,-28430.61
Foreign,CTBC BANK,2015,4.38,0.17,37.23,31.48,48,6.65,0.0648,17.8995,63.6516,48.487,6.5016,-4.41,7.9962,10.4283,0.1025,13.0,8.0,0.5778,-41604.59
Foreign,CTBC BANK,2016,9.3,-1.21,49.09,16.54,49,4.91,-0.4613,30.9176,69.8119,40.1815,6.6639,16.23,8.2563,10.3085,-0.4778,12.8,6.75,0.4803,-29218.67
Foreign,CTBC BANK,2017,8.06,-1.88,54.51,46.65,53,4.95,-0.7168,23.2679,75.398,33.3382,6.797,13.3,6.7954,10.7672,-0.7423,12.53,6.25,0.5014,-31540.38
Foreign,CTBC BANK,2018,7.6,0.2,49.71,2.29,58,3.33,0.0763,26.8078,58.3656,37.0055,6.6988,-9.82,6.533,10.7885,0.079,12.2,6.0,0.5061,-47501.74
Foreign,CTBC BANK,2019,12.32,0.54,62.03,-1.65,63,3.95,0.2059,24.9899,60.5775,22.7795,7.2042,50.54,4.0416,11.228,0.2132,13.21,6.5,0.5589,-26778.19
Foreign,CTBC BANK,2020,12.13,0.45,66.76,-1.24,71,3.72,0.1716,17.2032,60.4419,25.5805,7.6295,42.53,-7.9646,12.6008,0.1777,17.6,5.25,0.4839,-23504.62
Foreign,DBS BANK INDIA LTD.,2005,3.57,0.89,43.38,4.13,62,3.77,0.8777,18.1772,39.7283,39.4977,7.251,-37.85,7.9234,10.3661,0.4165,13.69,6.0,0.7869,-31240.21
Foreign,DBS BANK INDIA LTD.,2006,-8.82,0.73,45.72,4.13,130,4.25,0.7199,-8.2747,28.0716,18.0318,8.0635,81.25,8.0607,9.8025,0.3417,13.58,6.5,0.7124,-21061.06
Foreign,DBS BANK INDIA LTD.,2007,86.07,1.6,63.19,4.13,186,5.8,1.5779,21.8891,20.2555,17.7302,8.7113,60.78,7.6608,9.8621,0.7488,14.29,7.0,0.6379,-9879.55
Foreign,DBS BANK INDIA LTD.,2008,-33.45,0.86,56.08,4.13,230,6.37,0.8481,-6.5271,26.0185,12.5626,9.1145,40.32,3.0867,10.5385,0.4025,15.7,7.0,0.5958,-15350.64
Foreign,DBS BANK INDIA LTD.,2009,302.2,2.72,47.94,12.11,359,8.35,2.6824,31.9444,21.6708,11.1466,9.4386,32.41,7.8619,11.4597,1.273,15.82,5.0,0.5538,-8325.95
Foreign,DBS BANK INDIA LTD.,2010,154.87,2.38,35.41,19.91,417,10.88,2.3471,17.8638,21.4226,8.913,9.8386,39.99,8.4976,11.0076,1.1139,15.38,4.25,1.3062,-10616.99
Foreign,DBS BANK INDIA LTD.,2011,96.14,0.79,31.03,24.06,620,11.99,0.7791,10.8093,31.689,7.5716,10.0751,23.65,5.2413,11.0845,0.4763,14.93,6.5,1.7481,-14476.9
Foreign,DBS BANK INDIA LTD.,2012,311.02,1.12,35.51,-21.93,786,8.86,1.1045,18.3376,35.3001,7.2605,10.5019,19.45,5.4564,10.6839,0.6752,14.18,8.5,2.19,-11562.21
Foreign,DBS BANK INDIA LTD.,2013,128.76,0.72,38.05,169.15,823,9.31,0.71,5.8532,34.0425,7.1984,10.6142,15.25,6.3861,10.2952,0.4341,13.88,7.9,1.4784,-13567.16
Foreign,DBS BANK INDIA LTD.,2014,255.31,0.01,38.51,515.75,877,11.06,0.0099,11.0605,33.3347,8.8339,10.7246,11.05,7.4102,10.4409,0.006,13.34,7.75,0.7667,-12426.25
Foreign,DBS BANK INDIA LTD.,2015,226.69,-0.71,48.43,926.05,953,6.65,-0.7002,11.5767,44.0667,10.4162,10.489,-23.56,7.9962,10.4283,-0.428,13.0,8.0,1.3338,-14324.68
Foreign,DBS BANK INDIA LTD.,2016,280.01,0.02,53.43,410.7,1095,4.91,0.0197,15.827,40.2621,10.0752,10.6884,19.94,8.2563,10.3085,0.0079,12.8,6.75,0.6312,-14230.05
Foreign,DBS BANK INDIA LTD.,2017,622.67,0.03,60.6,435.55,1091,4.95,0.0296,26.2112,49.0283,10.3644,10.7042,1.58,6.7954,10.7672,0.0118,12.53,6.25,0.3293,-12462.06
Foreign,DBS BANK INDIA LTD.,2018,296.64,-1.16,62.37,551.92,1188,3.33,-1.144,16.1815,38.1341,9.7711,10.7548,5.06,6.533,10.7885,-0.458,12.2,6.0,0.5695,-18641.65
Foreign,DBS BANK INDIA LTD.,2019,89.57,0.04,58.4,1.42,1559,3.95,0.0394,40.2038,31.2635,10.2286,10.9668,6.62,4.0416,11.228,0.0158,13.21,6.5,0.3793,-17585.89
Foreign,DBS BANK INDIA LTD.,2020,274.33,0.2,56.71,48.35,1824,3.72,0.1972,12.0407,30.4317,9.6008,11.0487,8.19,-7.9646,12.6008,0.079,17.6,5.25,1.7871,-20447.12
Foreign,DEUTSCHE BANK AG,2005,408.09,0.72,33.11,-14.42,380,3.77,1.1407,77.9497,23.64,11.4619,9.2824,11.45,7.9234,10.3661,0.337,13.69,6.0,0.5154,-11629.39
Foreign,DEUTSCHE BANK AG,2006,555.24,1.04,36.35,0.02,678,4.25,1.6477,80.1397,21.4251,10.8821,9.3968,11.45,8.0607,9.8025,0.4867,13.58,6.5,0.4464,-14014.73
Foreign,DEUTSCHE BANK AG,2007,653.66,1.23,39.39,14.46,2250,5.8,1.9487,74.1969,27.9144,10.9503,9.7822,38.53,7.6608,9.8621,0.5757,14.29,7.0,0.4026,-17670.0
Foreign,DEUTSCHE BANK AG,2008,1017.6,1.56,55.66,28.9,3500,6.37,2.4715,72.246,36.2567,17.3665,10.1151,33.29,3.0867,10.5385,0.7301,15.7,7.0,0.3139,-15748.72
Foreign,DEUTSCHE BANK AG,2009,1019.69,1.75,56.69,125.97,1599,8.35,2.7725,58.3998,35.2542,19.0756,10.1248,0.97,7.8619,11.4597,0.819,15.82,5.0,0.3415,-15020.48
Foreign,DEUTSCHE BANK AG,2010,817.05,1.73,51.86,-61.6,1498,10.88,2.7408,56.7581,45.614,17.4538,10.2517,1.1,8.4976,11.0076,0.8097,15.38,4.25,0.4949,-15250.08
Foreign,DEUTSCHE BANK AG,2011,980.46,1.95,51.07,-13.05,1453,11.99,3.0894,56.4398,49.8391,19.4384,10.264,1.23,5.2413,11.0845,1.1756,14.93,6.5,0.7351,-14898.3
Foreign,DEUTSCHE BANK AG,2012,752.96,2.58,58.84,-5.4,1351,8.86,4.0875,35.9247,43.8379,22.3514,10.2621,-0.19,5.4564,10.6839,1.5554,14.18,8.5,0.6832,-14381.69
Foreign,DEUTSCHE BANK AG,2013,936.38,2.98,51.35,2.25,1675,9.31,4.7212,37.0305,55.2552,19.4883,10.6089,34.68,6.3861,10.2952,1.7965,13.88,7.9,0.4114,-12797.38
Foreign,DEUTSCHE BANK AG,2014,487.83,1.54,45.26,16.17,1730,11.06,2.4398,17.6393,50.2892,15.6451,10.9629,35.41,7.4102,10.4409,0.9284,13.34,7.75,1.0983,-16757.66
Foreign,DEUTSCHE BANK AG,2015,1376.34,2.55,62.72,-69.18,1776,6.65,4.04,30.984,58.6689,16.9364,11.0284,6.54,7.9962,10.4283,1.5373,13.0,8.0,0.3211,-10904.56
Foreign,DEUTSCHE BANK AG,2016,955.7,1.83,63.01,15.94,1807,4.91,2.8993,20.8422,62.3519,16.7475,11.1472,11.89,8.2563,10.3085,0.7226,12.8,6.75,0.4247,-12122.17
Foreign,DEUTSCHE BANK AG,2017,1121.76,1.39,51.1,578.43,1791,4.95,2.2022,23.6772,46.1316,15.3128,11.2394,9.22,6.7954,10.7672,0.5488,12.53,6.25,0.2881,-11701.42
Foreign,DEUTSCHE BANK AG,2018,975.1,1.14,60.39,51.32,1791,3.33,1.8061,24.1144,50.0452,15.1809,11.2699,3.05,6.533,10.7885,0.4501,12.2,6.0,0.4162,-14328.07
Foreign,DEUTSCHE BANK AG,2019,1214.79,1.27,52.25,11.39,1670,3.95,2.0121,24.156,45.4137,15.0145,11.5739,30.4,4.0416,11.228,0.5015,13.21,6.5,0.3898,-13322.35
Foreign,DEUTSCHE BANK AG,2020,731.88,0.95,49.41,112.17,1698,3.72,1.5051,13.5781,42.1198,14.0127,11.7056,13.16,-7.9646,12.6008,0.3751,17.6,5.25,0.5601,-15423.4
Foreign,DOHA BANK Q.P.S.C,2015,9.18,0.73,0.04,7.04,13,6.65,0.5204,64.1062,47.3411,99.0173,5.7311,85.54,7.9962,10.4283,0.4401,13.0,8.0,0.2786,-51032.88
Foreign,DOHA BANK Q.P.S.C,2016,9.18,2.64,41.73,7.04,50,4.91,1.8822,64.1062,47.3411,43.7728,6.5866,85.54,8.2563,10.3085,1.0424,12.8,6.75,0.2786,-51032.88
Foreign,DOHA BANK Q.P.S.C,2017,5.45,-1.0,70.98,7.04,64,4.95,-0.7129,10.8092,35.9823,26.6696,7.0516,46.5,6.7954,10.7672,-0.3949,12.53,6.25,0.3784,-25720.92
Foreign,DOHA BANK Q.P.S.C,2018,11.43,-1.11,64.77,1.85,68,3.33,-0.7914,35.3105,56.8613,25.8876,7.0434,-0.82,6.533,10.7885,-0.4383,12.2,6.0,0.4483,-35866.89
Foreign,DOHA BANK Q.P.S.C,2019,33.85,1.09,63.89,1.85,63,3.95,0.7771,48.0346,63.7239,20.9619,7.3185,27.51,4.0416,11.228,0.4304,13.21,6.5,0.3994,-15492.02
Foreign,DOHA BANK Q.P.S.C,2020,19.56,0.32,78.79,1.85,78,3.72,0.2281,27.3414,58.3039,19.1565,7.4233,27.51,-7.9646,12.6008,0.1264,17.6,5.25,0.3951,-18776.2
Foreign,EMIRATES NBD BANK (P.J.S.C.),2018,0.56,-2.21,8.64,0.0,42,3.33,-1.3407,-4.5271,54.7071,60.2547,6.9632,-46.01,6.533,10.7885,-0.8726,12.2,6.0,1.7309,-48112.43
Foreign,EMIRATES NBD BANK (P.J.S.C.),2019,7.73,0.43,29.01,0.0,46,3.95,0.2609,18.0861,51.0943,38.8227,7.4618,49.86,4.0416,11.228,0.1698,13.21,6.5,0.4439,-48112.43
Foreign,EMIRATES NBD BANK (P.J.S.C.),2020,17.94,0.82,27.85,0.0,52,3.72,0.4975,19.2675,51.3305,48.8261,7.9654,50.36,-7.9646,12.6008,0.3238,17.6,5.25,0.478,-24471.71
Foreign,FIRST ABU DHABI BANK PJSC,2016,10.79,-1.98,0.0,0.0,26,4.91,-0.9966,-155.6999,0.0323,96.4403,5.3356,118.91,8.2563,10.3085,-0.7818,12.8,6.75,0.5225,-34270.33
Foreign,FIRST ABU DHABI BANK PJSC,2017,24.43,1.27,0.0,0.0,26,4.95,0.6392,267.5794,0.0323,98.765,6.5247,118.91,6.7954,10.7672,0.5015,12.53,6.25,0.5265,-33568.12
Foreign,FIRST ABU DHABI BANK PJSC,2018,23.67,1.77,0.0,0.0,22,3.33,0.8909,66.7513,2.428,94.7735,7.2526,72.8,6.533,10.7885,0.6989,12.2,6.0,0.4613,-32865.9
Foreign,FIRST ABU DHABI BANK PJSC,2019,68.91,3.3,5.95,0.0,39,3.95,1.661,52.3871,4.8236,67.1728,8.0423,78.96,4.0416,11.228,1.303,13.21,6.5,0.8689,-10612.99
Foreign,FIRST ABU DHABI BANK PJSC,2020,66.22,2.2,6.3,0.0,52,3.72,1.1073,22.2319,24.3488,36.842,8.6913,64.91,-7.9646,12.6008,0.8687,17.6,5.25,0.5481,-11301.97
Foreign,FIRSTRAND BANK LTD,2010,11.94,-21.45,1.66,115.2,35,10.88,-3.3638,-32.9198,6.5666,41.5826,5.7189,89.32,8.4976,11.0076,-10.0389,15.38,4.25,0.8833,-1325.37
Foreign,FIRSTRAND BANK LTD,2011,23.43,-1.37,3.42,115.2,45,11.99,-0.2148,346.5976,19.003,41.5826,6.6121,89.32,5.2413,11.0845,-0.8259,14.93,6.5,0.6464,-4435.62
Foreign,FIRSTRAND BANK LTD,2012,22.29,-0.03,4.2,115.2,77,8.86,-0.0047,94.3692,27.6973,41.5826,6.7712,15.91,5.4564,10.6839,-0.0181,14.18,8.5,0.5322,-7545.86
Foreign,FIRSTRAND BANK LTD,2013,29.18,-6.09,6.24,22.0,88,9.31,-0.955,-649.8887,22.6938,26.5358,7.0413,27.01,6.3861,10.2952,-3.6714,13.88,7.9,0.7247,-10656.11
Foreign,FIRSTRAND BANK LTD,2014,30.47,-6.57,10.97,12.16,118,11.06,-1.0303,-190.5566,14.7306,26.41,7.2083,16.7,7.4102,10.4409,-3.9608,13.34,7.75,0.5492,-13766.36
Foreign,FIRSTRAND BANK LTD,2015,26.2,-4.43,19.5,7.06,142,6.65,-0.6947,-1871.429,15.9899,23.2748,7.4535,24.52,7.9962,10.4283,-2.6707,13.0,8.0,0.9656,-16876.6
Foreign,FIRSTRAND BANK LTD,2016,42.29,-4.3,31.92,27.34,130,4.91,-0.6743,122.0139,23.3871,17.3531,7.5924,13.89,8.2563,10.3085,-1.6979,12.8,6.75,0.427,-19986.85
Foreign,FIRSTRAND BANK LTD,2017,52.45,-2.94,33.44,-9.99,63,4.95,-0.461,88.0624,16.5426,19.7272,7.297,-29.54,6.7954,10.7672,-1.1609,12.53,6.25,0.3747,-23097.09
Foreign,FIRSTRAND BANK LTD,2018,43.86,1.67,30.75,-24.41,41,3.33,0.2619,66.3641,15.2517,22.2926,7.2558,-4.12,6.533,10.7885,0.6594,12.2,6.0,0.6919,-26207.34
Foreign,FIRSTRAND BANK LTD,2019,27.22,0.08,28.61,7.0,39,3.95,0.0125,36.5467,22.0112,17.2277,7.518,4.12,4.0416,11.228,0.0316,13.21,6.5,0.7349,-21494.24
Foreign,FIRSTRAND BANK LTD,2020,39.08,0.29,15.3,21.0,43,3.72,0.0455,37.3293,20.1769,15.4826,7.6416,12.36,-7.9646,12.6008,0.1145,17.6,5.25,0.4356,-14930.5
Foreign,HONGKONG AND SHANGHAI BANKING CORPN.LTD.,2005,661.07,1.27,60.98,1654.21,3784,3.77,4.5622,41.5919,45.2355,12.822,10.2364,29.5,7.9234,10.3661,0.5944,13.69,6.0,0.4917,-12205.16
Foreign,HONGKONG AND SHANGHAI BANKING CORPN.LTD.,2006,928.26,1.58,66.59,1654.21,4985,4.25,5.6758,44.0989,44.865,11.118,10.5314,29.5,8.0607,9.8025,0.7395,13.58,6.5,0.6266,-12886.39
Foreign,HONGKONG AND SHANGHAI BANKING CORPN.LTD.,2007,1212.34,1.82,63.4,1654.21,6564,5.8,6.538,38.6615,42.1303,11.2135,10.9138,38.24,7.6608,9.8621,0.8518,14.29,7.0,0.6203,-14008.13
Foreign,HONGKONG AND SHANGHAI BANKING CORPN.LTD.,2008,2116.67,1.82,56.14,1654.21,7753,6.37,6.538,42.7548,39.4418,11.1416,11.2374,30.13,3.0867,10.5385,0.8518,15.7,7.0,0.4013,-11942.44
Foreign,HONGKONG AND SHANGHAI BANKING CORPN.LTD.,2009,2699.42,1.51,52.81,1654.21,7446,8.35,5.4244,39.5133,29.1572,11.8519,11.4576,22.02,7.8619,11.4597,0.7067,15.82,5.0,0.4165,-10137.21
Foreign,HONGKONG AND SHANGHAI BANKING CORPN.LTD.,2010,2135.48,0.88,61.65,1642.88,6685,10.88,3.1612,39.9063,25.958,13.419,11.4124,-4.53,8.4976,11.0076,0.4119,15.38,4.25,0.4442,-10910.73
Foreign,HONGKONG AND SHANGHAI BANKING CORPN.LTD.,2011,1788.65,1.68,59.36,226.2,6373,11.99,6.0351,37.3206,30.0615,15.0167,11.4202,0.79,5.2413,11.0845,1.0128,14.93,6.5,0.9254,-13141.1
Foreign,HONGKONG AND SHANGHAI BANKING CORPN.LTD.,2012,2200.77,1.97,56.24,179.77,5166,8.86,7.0768,36.4062,32.5132,13.6908,11.6012,18.09,5.4564,10.6839,1.1876,14.18,8.5,0.5636,-12057.06
Foreign,HONGKONG AND SHANGHAI BANKING CORPN.LTD.,2013,1724.22,1.81,53.56,133.35,4726,9.31,6.5021,27.4001,33.6334,14.3126,11.5728,-2.84,6.3861,10.2952,1.0912,13.88,7.9,0.4497,-13241.49
Foreign,HONGKONG AND SHANGHAI BANKING CORPN.LTD.,2014,1520.89,1.26,54.39,76.59,4846,11.06,4.5263,23.9541,30.4893,12.3197,11.7896,21.68,7.4102,10.4409,0.7596,13.34,7.75,0.7162,-14400.06
Foreign,HONGKONG AND SHANGHAI BANKING CORPN.LTD.,2015,2091.38,1.33,61.93,67.12,4691,6.65,4.7778,28.543,33.8654,12.7012,11.8325,4.29,7.9962,10.4283,0.8018,13.0,8.0,0.3525,-13870.87
Foreign,HONGKONG AND SHANGHAI BANKING CORPN.LTD.,2016,1830.27,1.53,62.39,113.8,4458,4.91,5.4962,24.0562,38.9977,13.3757,11.8562,2.37,8.2563,10.3085,0.6041,12.8,6.75,0.3911,-12994.38
Foreign,HONGKONG AND SHANGHAI BANKING CORPN.LTD.,2017,2272.94,1.76,66.7,210.58,4029,4.95,6.3224,27.5941,35.462,15.6986,11.7789,-7.73,6.7954,10.7672,0.6949,12.53,6.25,0.3561,-12152.89
Foreign,HONGKONG AND SHANGHAI BANKING CORPN.LTD.,2018,1701.74,1.76,63.8,151.05,3930,3.33,6.3224,21.7391,35.617,14.9683,11.8807,10.18,6.533,10.7885,0.6949,12.2,6.0,0.4337,-13022.26
Foreign,HONGKONG AND SHANGHAI BANKING CORPN.LTD.,2019,2063.92,1.67,58.15,-11.41,3880,3.95,5.9991,22.8963,37.9133,13.0796,12.0809,20.02,4.0416,11.228,0.6594,13.21,6.5,0.4224,-12767.57
Foreign,HONGKONG AND SHANGHAI BANKING CORPN.LTD.,2020,2162.62,1.61,59.15,160.33,3853,3.72,5.7836,21.0435,36.2643,12.2467,12.2604,17.95,-7.9646,12.6008,0.6357,17.6,5.25,0.3482,-13269.63
Foreign,HSBC BANK OMAN S.A.O.G.,2005,1.69,-2.86,50.98,3.69,35,3.77,-0.7928,11.7443,2.8795,36.3155,6.0907,-3.11,7.9234,10.3661,-1.3385,13.69,6.0,0.3734,-15593.0
Foreign,HSBC BANK OMAN S.A.O.G.,2006,-0.73,-1.31,47.3,-1.39,26,4.25,-0.3631,-6.8674,1.8005,37.7502,6.0596,-3.11,8.0607,9.8025,-0.6131,13.58,6.5,0.4846,-25352.0
Foreign,HSBC BANK OMAN S.A.O.G.,2007,0.96,-0.9,49.1,0.31,37,5.8,-0.2495,8.3478,0.4479,41.5486,5.9794,-8.02,7.6608,9.8621,-0.4212,14.29,7.0,0.5957,-20257.39
Foreign,HSBC BANK OMAN S.A.O.G.,2008,0.67,3.15,45.81,-10.1,36,6.37,0.8732,7.1277,0.3809,43.14,5.9557,-3.08,3.0867,10.5385,1.4742,15.7,7.0,0.4698,-24239.98
Foreign,HSBC BANK OMAN S.A.O.G.,2009,2.55,1.22,47.45,-10.1,39,8.35,0.3382,23.2029,0.4884,42.7663,5.9742,1.86,7.8619,11.4597,0.571,15.82,5.0,0.4404,-17993.1
Foreign,HSBC BANK OMAN S.A.O.G.,2010,10.93,3.52,44.76,-10.1,37,10.88,0.9758,58.3556,0.4669,44.3279,5.949,-2.52,8.4976,11.0076,1.6474,15.38,4.25,0.893,-9290.62
Foreign,HSBC BANK OMAN S.A.O.G.,2011,12.63,4.47,41.77,-10.1,74,11.99,1.2391,62.8984,0.5517,43.338,5.9838,3.48,5.2413,11.0845,2.6948,14.93,6.5,0.8579,-9278.1
Foreign,HSBC BANK OMAN S.A.O.G.,2012,23.03,6.09,36.65,-10.1,38,8.86,1.6882,70.5144,0.9703,51.7435,6.0487,6.49,5.4564,10.6839,3.6714,14.18,8.5,1.0675,-7842.35
Foreign,HSBC BANK OMAN S.A.O.G.,2013,31.53,8.8,39.45,-10.1,33,9.31,2.4394,80.2494,1.3601,59.0874,5.9327,-11.6,6.3861,10.2952,5.3051,13.88,7.9,1.1399,-8379.99
Foreign,HSBC BANK OMAN S.A.O.G.,2014,0.26,-0.91,34.37,-10.1,31,11.06,-0.2523,4.6099,0.4076,64.3249,5.832,-10.07,7.4102,10.4409,-0.5486,13.34,7.75,0.8238,-27579.12
Foreign,HSBC BANK OMAN S.A.O.G.,2015,0.16,-0.34,35.7,-10.1,30,6.65,-0.0942,2.3669,0.2143,63.2572,5.8311,-0.1,7.9962,10.4283,-0.205,13.0,8.0,0.5078,-46778.26
Foreign,INDUSTRIAL AND COMMERCIAL BANK OF CHINA,2012,3.0,2.05,0.02,-0.32,15,8.86,2.3376,17.0358,8.7597,89.668,6.2518,15.31,5.4564,10.6839,1.2359,14.18,8.5,1.0,-19962.43
Foreign,INDUSTRIAL AND COMMERCIAL BANK OF CHINA,2013,1.83,2.45,22.74,-0.32,25,9.31,2.7938,5.0539,43.2998,61.8647,6.6577,15.31,6.3861,10.2952,1.477,13.88,7.9,0.7134,-25530.96
Foreign,INDUSTRIAL AND COMMERCIAL BANK OF CHINA,2014,10.36,2.35,24.85,-0.32,29,11.06,2.6797,14.9387,47.9954,55.6283,6.8109,15.31,7.4102,10.4409,1.4167,13.34,7.75,1.5299,-15646.84
Foreign,INDUSTRIAL AND COMMERCIAL BANK OF CHINA,2015,19.2,2.71,29.55,-0.32,33,6.65,3.0902,19.9005,75.9604,38.7152,7.2345,42.36,7.9962,10.4283,1.6337,13.0,8.0,0.7342,-13344.47
Foreign,INDUSTRIAL AND COMMERCIAL BANK OF CHINA,2016,32.91,2.66,41.86,-0.32,41,4.91,3.0332,32.1795,72.5498,36.2189,7.3596,12.51,8.2563,10.3085,1.0503,12.8,6.75,0.732,-11825.97
Foreign,INDUSTRIAL AND COMMERCIAL BANK OF CHINA,2017,39.96,0.68,30.6,-0.32,38,4.95,0.7754,40.2863,33.5114,28.518,7.617,25.74,6.7954,10.7672,0.2685,12.53,6.25,0.5556,-13260.91
Foreign,INDUSTRIAL AND COMMERCIAL BANK OF CHINA,2018,18.26,0.69,45.65,-0.32,51,3.33,0.7868,12.3062,30.0798,20.4531,7.9807,36.37,6.533,10.7885,0.2724,12.2,6.0,0.4593,-13763.13
Foreign,INDUSTRIAL AND COMMERCIAL BANK OF CHINA,2019,27.98,1.06,37.66,-0.32,54,3.95,1.2087,12.8461,34.8571,17.6835,8.1856,20.48,4.0416,11.228,0.4185,13.21,6.5,0.5665,-12147.04
Foreign,INDUSTRIAL AND COMMERCIAL BANK OF CHINA,2020,36.18,0.9,61.83,-0.32,56,3.72,1.0263,16.6131,11.6095,19.4456,8.1394,-4.62,-7.9646,12.6008,0.3554,17.6,5.25,0.4218,-11905.06
Foreign,INDUSTRIAL BANK OF KOREA,2016,1.95,1.94,6.65,0.0,22,4.91,3.0464,21.6667,2.7094,89.4705,5.5209,17.28,8.2563,10.3085,0.766,12.8,6.75,0.9404,-39189.94
Foreign,INDUSTRIAL BANK OF KOREA,2017,4.22,1.67,19.29,0.0,24,4.95,2.6224,41.0506,28.4555,76.8511,5.6937,17.28,6.7954,10.7672,0.6594,12.53,6.25,0.8479,-32959.45
Foreign,INDUSTRIAL BANK OF KOREA,2018,6.45,1.78,29.89,0.0,24,3.33,2.7952,46.807,46.5112,67.332,5.8513,15.76,6.533,10.7885,0.7028,12.2,6.0,0.6063,-24256.58
Foreign,INDUSTRIAL BANK OF KOREA,2019,8.43,2.48,20.09,0.0,24,3.95,3.8944,35.169,35.0506,76.1428,6.3115,46.02,4.0416,11.228,0.9792,13.21,6.5,0.5447,-15974.24
Foreign,INDUSTRIAL BANK OF KOREA,2020,10.98,3.21,30.87,0.0,25,3.72,5.0407,29.2956,30.562,66.0137,6.5024,19.09,-7.9646,12.6008,1.2675,17.6,5.25,0.5526,-12127.88
Foreign,JP MORGAN CHASE BANK N.A.,2005,92.71,3.58,71.13,44.39,67,3.77,3.7399,87.6939,11.4696,20.3494,7.1761,77.27,7.9234,10.3661,1.6755,13.69,6.0,0.7114,-9117.91
Foreign,JP MORGAN CHASE BANK N.A.,2006,100.83,2.53,63.42,44.39,82,4.25,2.643,54.7602,2.627,18.9154,7.9654,77.27,8.0607,9.8025,1.1841,13.58,6.5,0.7601,-7665.48
Foreign,JP MORGAN CHASE BANK N.A.,2007,171.89,1.71,26.72,44.39,155,5.8,1.7864,45.1629,12.8155,19.4251,8.7382,77.27,7.6608,9.8621,0.8003,14.29,7.0,0.8252,-7423.15
Foreign,JP MORGAN CHASE BANK N.A.,2008,384.32,3.07,40.9,54.64,160,6.37,3.2071,54.3086,13.0764,25.5248,8.9997,26.16,3.0867,10.5385,1.4368,15.7,7.0,0.4285,-7016.39
Foreign,JP MORGAN CHASE BANK N.A.,2009,720.94,4.21,34.06,-24.31,175,8.35,4.3981,65.7606,6.6711,23.8494,9.2621,26.24,7.8619,11.4597,1.9703,15.82,5.0,0.444,-6514.78
Foreign,JP MORGAN CHASE BANK N.A.,2010,-101.0,0.09,49.47,15.39,182,10.88,0.094,-58.0093,8.4432,24.8303,9.3917,12.96,8.4976,11.0076,0.0421,15.38,4.25,0.6137,-6880.32
Foreign,JP MORGAN CHASE BANK N.A.,2011,541.68,3.56,42.66,-38.5,221,11.99,3.719,50.3009,23.1422,26.2425,9.6133,22.16,5.2413,11.0845,2.1462,14.93,6.5,0.7834,-7245.85
Foreign,JP MORGAN CHASE BANK N.A.,2012,346.8,2.9,42.67,-20.49,256,8.86,3.0295,26.0707,21.8538,24.5149,9.9391,32.58,5.4564,10.6839,1.7483,14.18,8.5,0.5424,-8718.75
Foreign,JP MORGAN CHASE BANK N.A.,2013,562.02,3.07,40.92,-2.48,243,9.31,3.2071,29.6823,21.0917,22.7058,10.1401,20.1,6.3861,10.2952,1.8508,13.88,7.9,0.4172,-7539.33
Foreign,JP MORGAN CHASE BANK N.A.,2014,915.44,3.51,46.6,-1.0,238,11.06,3.6668,41.0443,15.5313,23.0478,10.2574,11.73,7.4102,10.4409,2.116,13.34,7.75,0.7316,-6434.89
Foreign,JP MORGAN CHASE BANK N.A.,2015,874.69,3.6,52.11,-23.41,243,6.65,3.7608,36.9061,18.0753,22.165,10.2595,0.21,7.9962,10.4283,2.1703,13.0,8.0,0.4707,-6700.98
Foreign,JP MORGAN CHASE BANK N.A.,2016,786.86,2.4,54.13,-23.41,257,4.91,2.5072,32.8198,32.7059,22.8697,10.3336,7.4,8.2563,10.3085,0.9476,12.8,6.75,0.6155,-7010.21
Foreign,JP MORGAN CHASE BANK N.A.,2017,993.13,2.54,37.68,-23.41,286,4.95,2.6535,39.6464,18.2962,16.8982,10.6932,35.96,6.7954,10.7672,1.0029,12.53,6.25,0.4443,-6704.84
Foreign,JP MORGAN CHASE BANK N.A.,2018,1159.13,2.63,34.33,-23.41,287,3.33,2.7475,48.1144,27.7141,21.6743,10.7176,2.44,6.533,10.7885,1.0385,12.2,6.0,0.5344,-6562.88
Foreign,JP MORGAN CHASE BANK N.A.,2019,1130.31,2.61,44.15,-23.41,295,3.95,2.7266,36.4178,25.6642,22.4062,10.8925,17.49,4.0416,11.228,1.0306,13.21,6.5,0.6329,-7156.51
Foreign,JP MORGAN CHASE BANK N.A.,2020,937.42,2.17,30.69,-23.41,331,3.72,2.2669,30.1373,15.8729,15.7318,11.435,54.25,-7.9646,12.6008,0.8568,17.6,5.25,0.4203,-8214.28
Foreign,JSC VTB BANK,2009,0.14,-0.26,1.83,0.77,17,8.35,-0.0269,-12.3853,8.5232,92.0871,4.7293,-0.45,7.8619,11.4597,-0.1217,15.82,5.0,0.5918,-57708.36
Foreign,JSC VTB BANK,2010,0.27,-1.16,7.16,0.77,16,10.88,-0.1199,-12.3853,8.045,92.0871,4.7871,-0.45,8.4976,11.0076,-0.5429,15.38,4.25,0.3525,-57708.36
Foreign,JSC VTB BANK,2011,0.46,-1.03,5.89,0.77,16,11.99,-0.1065,-32.6241,45.2391,92.0871,4.7826,-0.45,5.2413,11.0845,-0.6209,14.93,6.5,0.3752,-58183.32
Foreign,JSC VTB BANK,2012,0.87,0.76,6.23,0.77,26,8.86,0.0786,28.7129,65.4892,92.0871,4.7901,0.75,5.4564,10.6839,0.4582,14.18,8.5,0.6539,-58658.29
Foreign,JSC VTB BANK,2013,2.37,2.01,7.59,1.59,19,9.31,0.2078,42.3214,67.5521,85.0698,4.8753,8.52,6.3861,10.2952,1.2117,13.88,7.9,0.4971,-59133.25
Foreign,JSC VTB BANK,2014,4.62,1.87,15.26,2.41,22,11.06,0.1933,58.4071,77.103,70.1646,5.0929,21.76,7.4102,10.4409,1.1273,13.34,7.75,0.4346,-41216.3
Foreign,JSC VTB BANK,2015,2.14,0.15,7.38,3.23,16,6.65,0.0155,32.1321,31.3721,90.1068,4.8398,-25.3,7.9962,10.4283,0.0904,13.0,8.0,0.4856,-54152.73
Foreign,JSC VTB BANK,2016,0.75,-5.99,0.45,4.02,25,4.91,-0.6192,-40.5405,49.5979,95.8184,4.7178,-12.21,8.2563,10.3085,-2.3652,12.8,6.75,0.6708,-36296.36
Foreign,JSC VTB BANK,2017,1.56,-0.44,0.38,0.79,21,4.95,-0.0455,-55.914,18.2216,84.7743,4.835,11.72,6.7954,10.7672,-0.1737,12.53,6.25,0.669,-18440.0
Foreign,JSC VTB BANK,2018,0.06,-26.22,0.04,19.81,19,3.33,-2.7105,-0.5515,18.2216,97.86,4.4541,-38.09,6.533,10.7885,-10.353,12.2,6.0,1.5,-583.63
Foreign,JSC VTB BANK,2019,0.04,-14.39,0.05,19.81,15,3.95,-1.4876,-0.3731,18.2216,98.6165,4.3101,-14.4,4.0416,11.228,-5.6819,13.21,6.5,1.0,0.85
Foreign,JSC VTB BANK,2020,8.56,13.09,0.06,19.81,12,3.72,1.3532,233.2425,18.2216,97.9092,4.461,15.08,-7.9646,12.6008,5.1686,17.6,5.25,0.5775,-59458.72
Foreign,KBC BANK NV,2005,4.36,1.0,7.56,33.06,20,3.77,0.6871,18.85,65.1114,19.2143,6.5031,-3.06,7.9234,10.3661,0.468,13.69,6.0,1.1109,-13371.82
Foreign,KBC BANK NV,2006,5.04,1.21,8.21,33.06,19,4.25,0.8314,14.4994,65.2861,21.0218,6.4725,-3.06,8.0607,9.8025,0.5663,13.58,6.5,1.6922,-11527.35
Foreign,KBC BANK NV,2007,7.18,1.7,8.68,33.06,18,5.8,1.1681,16.7444,60.4936,23.6307,6.4303,-4.22,7.6608,9.8621,0.7956,14.29,7.0,0.6417,-9641.56
Foreign,KBC BANK NV,2008,7.68,1.63,10.15,33.06,19,6.37,1.12,18.277,60.6731,25.8583,6.6657,23.54,3.0867,10.5385,0.7629,15.7,7.0,0.5643,-9664.0
Foreign,KBC BANK NV,2009,13.37,1.64,8.34,33.06,24,8.35,1.1269,25.1127,72.3076,22.5678,6.8757,21.0,7.8619,11.4597,0.7675,15.82,5.0,0.5806,-8883.87
Foreign,KBC BANK NV,2010,15.27,-0.25,8.11,33.06,24,10.88,-0.1718,39.3658,63.401,30.791,6.5563,-31.94,8.4976,11.0076,-0.117,15.38,4.25,0.7775,-9363.06
Foreign,KBC BANK NV,2011,10.84,-1.72,6.06,45.73,25,11.99,-1.1818,39.3324,66.3756,22.3875,6.8062,24.99,5.2413,11.0845,-1.0369,14.93,6.5,0.5691,-12367.77
Foreign,KBC BANK NV,2012,17.86,1.2,6.7,31.58,24,8.86,0.8245,37.6238,77.5163,18.8585,7.0434,6.51,5.4564,10.6839,0.7234,14.18,8.5,0.6326,-9877.62
Foreign,KBC BANK NV,2013,24.13,1.31,7.82,17.43,28,9.31,0.9001,37.8154,74.8172,22.6558,6.9239,-11.96,6.3861,10.2952,0.7897,13.88,7.9,0.6399,-9472.96
Foreign,KBC BANK NV,2014,19.42,2.72,7.77,11.84,30,11.06,1.869,30.4771,72.2094,27.2101,6.8502,-7.37,7.4102,10.4409,1.6398,13.34,7.75,0.4269,-10877.7
Foreign,KBC BANK NV,2015,12.32,-1.47,10.17,6.26,26,6.65,-1.0101,28.4461,66.3784,45.4508,6.2938,-55.64,7.9962,10.4283,-0.8862,13.0,8.0,0.8746,-19853.58
Foreign,KBC BANK NV,2016,13.19,2.95,8.74,0.67,26,4.91,2.027,51.6445,66.3784,60.8041,6.0593,-23.45,8.2563,10.3085,1.1648,12.8,6.75,0.7021,-15683.94
Foreign,KEB HANA BANK,2016,10.77,1.21,24.15,22.11,16,4.91,1.4853,52.1297,24.4205,46.249,6.5098,45.05,8.2563,10.3085,0.4778,12.8,6.75,0.9456,-15887.01
Foreign,KEB HANA BANK,2017,15.1,1.63,22.15,22.11,17,4.95,2.0009,39.8417,22.9367,67.2716,6.8857,37.59,6.7954,10.7672,0.6436,12.53,6.25,0.8095,-12531.16
Foreign,KEB HANA BANK,2018,9.47,1.96,34.89,22.11,24,3.33,2.4059,17.3094,22.1481,55.6326,7.1077,22.2,6.533,10.7885,0.7739,12.2,6.0,0.7662,-12515.11
Foreign,KEB HANA BANK,2019,16.18,0.1,45.5,22.11,26,3.95,0.1228,20.7462,28.348,39.5329,7.4508,34.31,4.0416,11.228,0.0395,13.21,6.5,0.8129,-11115.22
Foreign,KEB HANA BANK,2020,17.73,0.3,50.9,10.64,44,3.72,0.3683,19.12,40.3078,30.3009,7.7242,27.34,-7.9646,12.6008,0.1185,17.6,5.25,0.7497,-12974.46
Foreign,KRUNG THAI BANK PUBLIC COMPANY LTD.,2005,0.27,0.03,45.46,0.0,11,3.77,0.0265,17.1974,21.3956,52.2227,4.3282,1.97,7.9234,10.3661,0.014,13.69,6.0,0.5857,-56436.58
Foreign,KRUNG THAI BANK PUBLIC COMPANY LTD.,2006,6.16,5.37,42.61,0.0,11,4.25,4.7521,83.2432,13.6187,54.6172,4.348,1.97,8.0607,9.8025,2.5132,13.58,6.5,0.8974,-10609.97
Foreign,KRUNG THAI BANK PUBLIC COMPANY LTD.,2007,0.41,1.72,52.6,0.0,10,5.8,1.5221,11.0811,11.1669,46.666,4.5388,19.09,7.6608,9.8621,0.805,14.29,7.0,0.6496,-25808.35
Foreign,KRUNG THAI BANK PUBLIC COMPANY LTD.,2008,0.85,1.9,63.27,0.0,10,6.37,1.6814,14.0962,6.9899,34.9337,4.8479,30.91,3.0867,10.5385,0.8892,15.7,7.0,0.5084,-16758.79
Foreign,KRUNG THAI BANK PUBLIC COMPANY LTD.,2009,0.94,1.36,67.88,0.0,10,8.35,1.2035,11.7647,6.0821,29.491,5.0255,15.76,7.8619,11.4597,0.6365,15.82,5.0,0.502,-16691.02
Foreign,KRUNG THAI BANK PUBLIC COMPANY LTD.,2010,1.08,0.52,69.72,0.0,10,10.88,0.4602,21.3018,3.3423,28.9118,5.0317,0.62,8.4976,11.0076,0.2434,15.38,4.25,0.5392,-24732.18
Foreign,KRUNG THAI BANK PUBLIC COMPANY LTD.,2011,1.67,1.67,68.49,0.0,10,11.99,1.4778,22.2964,7.7808,27.3124,5.133,10.13,5.2413,11.0845,1.0068,14.93,6.5,0.513,-16719.2
Foreign,KRUNG THAI BANK PUBLIC COMPANY LTD.,2012,1.98,2.12,73.5,0.0,10,8.86,1.8761,17.3228,4.7998,24.6304,5.272,13.9,5.4564,10.6839,1.2781,14.18,8.5,0.5837,-12957.79
Foreign,KRUNG THAI BANK PUBLIC COMPANY LTD.,2013,1.54,1.82,77.14,0.0,10,9.31,1.6106,10.6501,6.7264,20.6289,5.4717,19.98,6.3861,10.2952,1.0972,13.88,7.9,0.6389,-13259.6
Foreign,KRUNG THAI BANK PUBLIC COMPANY LTD.,2014,1.45,2.08,78.04,0.0,10,11.06,1.8407,8.3864,4.7286,19.9794,5.6033,13.16,7.4102,10.4409,1.2539,13.34,7.75,0.6399,-12893.68
Foreign,KRUNG THAI BANK PUBLIC COMPANY LTD.,2015,1.35,2.31,80.6,0.0,10,6.65,2.0442,6.0948,1.7565,17.4964,5.8583,25.5,7.9962,10.4283,1.3926,13.0,8.0,0.3758,-11992.56
Foreign,KRUNG THAI BANK PUBLIC COMPANY LTD.,2016,0.74,1.6,81.33,0.0,9,4.91,1.4159,3.0465,0.7114,16.5647,6.0173,15.89,8.2563,10.3085,0.6318,12.8,6.75,0.5869,-12428.28
Foreign,KRUNG THAI BANK PUBLIC COMPANY LTD.,2017,0.58,1.62,81.61,0.0,11,4.95,1.4336,2.2871,1.6396,16.5708,6.1135,9.63,6.7954,10.7672,0.6397,12.53,6.25,0.9935,-12589.6
Foreign,KRUNG THAI BANK PUBLIC COMPANY LTD.,2018,0.55,1.33,81.75,0.0,9,3.33,1.177,2.2495,0.5243,16.5041,6.1948,8.07,6.533,10.7885,0.5252,12.2,6.0,0.9954,-12829.97
Foreign,KRUNG THAI BANK PUBLIC COMPANY LTD.,2019,0.68,1.46,86.41,0.0,10,3.95,1.292,2.4148,0.732,11.8941,6.26,6.52,4.0416,11.228,0.5765,13.21,6.5,0.8793,-13497.44
Foreign,KRUNG THAI BANK PUBLIC COMPANY LTD.,2020,1.1,1.02,86.65,0.0,12,3.72,0.9026,4.5212,0.3443,11.7244,6.2703,1.03,-7.9646,12.6008,0.4028,17.6,5.25,0.7833,-14880.79
Foreign,MASHREQ BANK PSC,2005,3.68,1.1,79.92,0.0,10,3.77,0.5251,12.7601,5.5832,17.4901,5.8177,-133.35,7.9234,10.3661,0.5148,13.69,6.0,0.6661,-10147.95
Foreign,MASHREQ BANK PSC,2006,6.9,1.3,24.2,0.0,10,4.25,0.6205,29.601,34.6388,70.5869,4.4841,-133.35,8.0607,9.8025,0.6084,13.58,6.5,0.4321,-8556.83
Foreign,MASHREQ BANK PSC,2007,7.91,8.19,31.89,0.0,16,5.8,3.9095,79.899,29.6813,65.9996,4.7045,22.03,7.6608,9.8621,3.833,14.29,7.0,0.5574,-12353.92
Foreign,MASHREQ BANK PSC,2008,9.68,8.82,26.75,0.0,15,6.37,4.2102,81.3445,34.8498,69.9983,4.7635,5.91,3.0867,10.5385,4.1279,15.7,7.0,0.737,-11056.65
Foreign,MASHREQ BANK PSC,2009,10.35,4.43,18.97,0.0,16,8.35,2.1146,107.1429,8.8705,79.4171,4.7018,-6.18,7.8619,11.4597,2.0733,15.82,5.0,0.6798,-14522.98
Foreign,MASHREQ BANK PSC,2010,13.12,3.35,29.44,0.0,16,10.88,1.5991,131.0689,39.247,64.0777,4.964,26.23,8.4976,11.0076,1.5678,15.38,4.25,0.6345,-19918.34
Foreign,MASHREQ BANK PSC,2011,16.8,5.03,36.58,0.0,13,11.99,2.401,121.563,25.2105,60.7444,5.0993,13.52,5.2413,11.0845,3.0324,14.93,6.5,0.6147,-16303.31
Foreign,MASHREQ BANK PSC,2012,22.23,5.76,40.45,0.0,14,8.86,2.7495,139.7234,27.075,56.537,5.2634,16.41,5.4564,10.6839,3.4725,14.18,8.5,0.6496,-20585.77
Foreign,MASHREQ BANK PSC,2013,20.59,5.61,48.44,0.0,12,9.31,2.6779,105.9156,22.2015,49.0104,5.5076,24.42,6.3861,10.2952,3.382,13.88,7.9,0.7965,-13768.83
Foreign,MASHREQ BANK PSC,2014,29.3,5.28,38.39,0.0,14,11.06,2.5204,110.9848,55.4249,42.0064,5.7732,26.56,7.4102,10.4409,3.1831,13.34,7.75,0.8134,-14605.39
Foreign,MASHREQ BANK PSC,2015,29.79,3.56,30.06,0.0,14,6.65,1.6993,109.4416,59.1766,32.5211,6.117,1.05,7.9962,10.4283,2.1462,13.0,8.0,0.7965,-15001.06
Foreign,MASHREQ BANK PSC,2016,28.0,5.59,42.76,0.0,14,4.91,2.6684,103.0548,46.1502,47.1499,5.8723,-24.46,8.2563,10.3085,2.2072,12.8,6.75,0.9277,-14284.96
Foreign,MASHREQ BANK PSC,2017,28.21,3.97,32.06,0.0,15,4.95,1.8951,108.709,57.0793,48.8379,5.9274,5.51,6.7954,10.7672,1.5676,12.53,6.25,0.9342,-16240.57
Foreign,MASHREQ BANK PSC,2018,32.01,3.58,27.01,0.0,19,3.33,1.7089,104.6078,66.6411,31.3429,6.4582,53.07,6.533,10.7885,1.4136,12.2,6.0,0.8648,-15416.8
Foreign,MASHREQ BANK PSC,2019,35.46,3.73,28.95,0.0,19,3.95,1.7805,92.4883,54.0317,66.9676,6.3882,-7.0,4.0416,11.228,1.4728,13.21,6.5,0.7932,-13978.4
Foreign,MASHREQ BANK PSC,2020,23.57,2.79,27.46,0.0,29,3.72,1.3318,45.4055,53.9104,43.5532,6.8812,49.3,-7.9646,12.6008,1.1016,17.6,5.25,0.9009,-13132.03
Foreign,MIZUHO BANK LTD,2005,6.22,2.13,24.13,-0.72,52,3.77,2.3035,40.574,58.5801,36.0579,6.1208,-76.04,7.9234,10.3661,0.9969,13.69,6.0,0.6599,-14321.69
Foreign,MIZUHO BANK LTD,2006,7.86,0.88,25.26,-1.36,75,4.25,0.9517,34.6255,60.4218,67.9654,6.2968,17.6,8.0607,9.8025,0.4119,13.58,6.5,0.5711,-12310.99
Foreign,MIZUHO BANK LTD,2007,13.47,1.3,13.01,-0.06,83,5.8,1.4059,33.0309,68.7313,40.8291,6.8388,54.19,7.6608,9.8621,0.6084,14.29,7.0,0.5167,-12970.93
Foreign,MIZUHO BANK LTD,2008,19.61,1.96,36.49,-0.14,95,6.37,2.1197,28.5153,69.913,32.7629,7.111,27.22,3.0867,10.5385,0.9173,15.7,7.0,0.5171,-12633.19
Foreign,MIZUHO BANK LTD,2009,38.13,2.43,52.55,-0.22,113,8.35,2.628,29.1158,51.2544,34.0817,7.6887,57.77,7.8619,11.4597,1.1373,15.82,5.0,0.5493,-10555.66
Foreign,MIZUHO BANK LTD,2010,37.26,0.89,55.2,-0.02,126,10.88,0.9625,41.5895,50.3001,35.5277,7.6744,-1.43,8.4976,11.0076,0.4165,15.38,4.25,0.5103,-13784.77
Foreign,MIZUHO BANK LTD,2011,67.31,2.37,17.03,-0.19,158,11.99,2.5631,40.1419,63.858,82.1847,8.2788,60.45,5.2413,11.0845,1.4288,14.93,6.5,0.5036,-10086.93
Foreign,MIZUHO BANK LTD,2012,107.46,4.0,12.53,-0.36,174,8.86,4.3259,32.6775,66.7248,63.6187,8.5882,30.93,5.4564,10.6839,2.4114,14.18,8.5,0.5054,-8717.55
Foreign,MIZUHO BANK LTD,2013,95.91,3.9,22.87,31.3,197,9.31,4.2177,21.6447,72.4035,47.0679,8.9388,35.07,6.3861,10.2952,2.3511,13.88,7.9,0.5222,-9656.84
Foreign,MIZUHO BANK LTD,2014,33.47,2.46,18.9,4.7,262,11.06,2.6604,6.8519,69.6828,36.9141,9.2363,29.75,7.4102,10.4409,1.483,13.34,7.75,2.1742,-14472.2
Foreign,MIZUHO BANK LTD,2015,-0.91,1.79,25.88,24.84,299,6.65,1.9358,-0.1686,60.36,35.6286,9.3171,15.89,7.9962,10.4283,1.0791,13.0,8.0,1.5272,-17427.22
Foreign,MIZUHO BANK LTD,2016,68.76,2.09,36.52,-60.84,347,4.91,2.2603,11.0214,63.5647,28.9652,9.5886,2.04,8.2563,10.3085,0.8252,12.8,6.75,0.8803,-15293.57
Foreign,MIZUHO BANK LTD,2017,71.84,1.15,47.06,-60.84,355,4.95,1.2437,10.6422,59.2601,33.8795,9.4704,-11.82,6.7954,10.7672,0.4541,12.53,6.25,1.0804,-15926.98
Foreign,MIZUHO BANK LTD,2018,157.97,1.41,38.26,-60.84,355,3.33,1.5249,21.7218,65.2461,33.6938,9.5197,4.93,6.533,10.7885,0.5567,12.2,6.0,0.5076,-13128.48
Foreign,MIZUHO BANK LTD,2019,133.93,1.25,40.3,-60.84,332,3.95,1.3518,16.002,65.8524,28.2513,9.7379,21.82,4.0416,11.228,0.4936,13.21,6.5,0.5145,-13616.88
Foreign,MIZUHO BANK LTD,2020,322.05,2.04,65.39,-60.84,325,3.72,2.2062,25.6281,42.4422,23.3963,10.0071,26.92,-7.9646,12.6008,0.8055,17.6,5.25,0.6223,-9735.49
Foreign,"MUFG BANK, LTD.",2005,57.31,0.93,46.89,-0.6,156,3.77,1.4616,71.1926,49.2236,32.4781,7.0347,51.75,7.9234,10.3661,0.4353,13.69,6.0,0.5659,-10086.35
Foreign,"MUFG BANK, LTD.",2006,36.16,0.02,41.17,-0.7,159,4.25,0.0314,49.5546,54.2565,31.2459,7.5522,51.75,8.0607,9.8025,0.0094,13.58,6.5,0.3629,-14178.65
Foreign,"MUFG BANK, LTD.",2007,49.17,2.11,39.95,-0.22,132,5.8,3.3161,36.4627,66.0792,26.7071,7.7849,23.27,7.6608,9.8621,0.9875,14.29,7.0,0.3676,-10255.52
Foreign,"MUFG BANK, LTD.",2008,42.65,2.4,37.91,-0.48,137,6.37,3.7718,18.8825,65.9165,32.573,8.1605,37.56,3.0867,10.5385,1.1232,15.7,7.0,0.4819,-9293.57
Foreign,"MUFG BANK, LTD.",2009,62.71,1.49,45.66,1.25,95,8.35,2.3417,18.5929,65.7955,26.5664,8.4221,26.16,7.8619,11.4597,0.6973,15.82,5.0,0.504,-9087.68
Foreign,"MUFG BANK, LTD.",2010,77.34,1.31,39.27,-0.82,180,10.88,2.0588,27.3306,59.769,41.1894,8.6307,20.86,8.4976,11.0076,0.6131,15.38,4.25,0.4672,-8956.89
Foreign,"MUFG BANK, LTD.",2011,81.39,1.64,23.8,-0.04,223,11.99,2.5774,24.9747,75.7669,42.0267,8.8468,21.61,5.2413,11.0845,0.9887,14.93,6.5,0.4997,-9866.19
Foreign,"MUFG BANK, LTD.",2012,127.34,1.85,27.64,-237.81,276,8.86,2.9074,22.971,63.8548,33.9326,9.1662,42.74,5.4564,10.6839,1.1153,14.18,8.5,0.4468,-10093.91
Foreign,"MUFG BANK, LTD.",2013,173.3,2.06,31.49,0.48,328,9.31,3.2375,20.9674,51.9426,25.8385,9.4855,63.87,6.3861,10.2952,1.2419,13.88,7.9,0.394,-10321.62
Foreign,"MUFG BANK, LTD.",2014,228.7,1.24,31.23,0.8,381,11.06,1.9488,22.9273,37.7273,23.1814,9.6461,16.06,7.4102,10.4409,0.7475,13.34,7.75,0.3705,-9587.13
Foreign,"MUFG BANK, LTD.",2015,265.33,1.26,36.71,53.09,400,6.65,1.9802,22.69,34.196,22.8064,9.7198,7.38,7.9962,10.4283,0.7596,13.0,8.0,0.3407,-9813.51
Foreign,"MUFG BANK, LTD.",2016,286.31,1.04,43.57,45.97,408,4.91,1.6345,22.6411,39.3307,20.7521,9.8629,14.31,8.2563,10.3085,0.4106,12.8,6.75,0.4278,-9747.56
Foreign,"MUFG BANK, LTD.",2017,392.36,2.61,56.68,9.71,406,4.95,4.1019,27.4,46.4377,22.6016,9.9027,17.61,6.7954,10.7672,1.0306,12.53,6.25,0.3506,-8873.5
Foreign,"MUFG BANK, LTD.",2018,315.08,1.42,44.79,12.38,403,3.33,2.2317,23.789,36.5865,20.1585,10.0841,20.91,6.533,10.7885,0.5607,12.2,6.0,0.5984,-9670.05
Foreign,"MUFG BANK, LTD.",2019,388.35,1.62,52.15,47.38,413,3.95,2.546,24.1621,39.4635,17.0846,10.3262,24.21,4.0416,11.228,0.6397,13.21,6.5,0.571,-9335.68
Foreign,"MUFG BANK, LTD.",2020,389.9,1.63,52.33,-70.0,432,3.72,2.5617,21.9211,35.4073,15.1226,10.5301,20.39,-7.9646,12.6008,0.6436,17.6,5.25,0.4925,-9794.31
Foreign,NATIONAL AUSTRALIA BANK,2012,1.36,-1.54,0.0,0.0,273,8.86,-0.591,-16.8944,50.8944,65.3357,5.043,72.98,5.4564,10.6839,-0.9284,14.18,8.5,1.0298,-23859.06
Foreign,NATIONAL AUSTRALIA BANK,2013,1.36,-5.41,0.0,0.0,19,9.31,-2.0761,-16.8944,50.8944,65.3357,5.7728,72.98,6.3861,10.2952,-3.2615,13.88,7.9,1.0298,-23859.06
Foreign,NATIONAL AUSTRALIA BANK,2014,5.19,1.44,0.04,0.0,27,11.06,0.5526,19.5554,35.2227,65.3357,6.9814,120.86,7.4102,10.4409,0.8681,13.34,7.75,1.0966,-48519.82
Foreign,NATIONAL AUSTRALIA BANK,2015,7.35,2.0,0.04,0.0,26,6.65,0.7675,23.8714,22.0162,79.2861,6.8057,-17.57,7.9962,10.4283,1.2057,13.0,8.0,0.9679,-39857.51
Foreign,NATIONAL AUSTRALIA BANK,2016,7.67,1.86,0.05,0.0,23,4.91,0.7138,29.6482,12.5219,88.6443,6.7132,-9.25,8.2563,10.3085,0.7344,12.8,6.75,1.021,-47335.17
Foreign,NATIONAL AUSTRALIA BANK,2017,4.97,2.05,0.06,0.0,20,4.95,0.7867,21.0059,31.6778,97.467,6.6395,-7.37,6.7954,10.7672,0.8094,12.53,6.25,0.98,-51379.56
Foreign,NATIONAL AUSTRALIA BANK,2018,2.29,1.19,2.62,0.0,19,3.33,0.4567,9.8031,22.3905,96.6273,6.6613,2.18,6.533,10.7885,0.4699,12.2,6.0,0.8776,-52861.28
Foreign,NATIONAL AUSTRALIA BANK,2019,0.43,1.35,0.0,0.0,13,3.95,0.5181,2.0254,22.3905,99.2446,6.6487,-1.26,4.0416,11.228,0.5331,13.21,6.5,1.0005,-52861.28
Foreign,NATWEST MARKETS PLC,2016,227.87,0.18,54.24,-72.78,19,4.91,0.0896,37.3876,24.1084,19.188,9.5942,-98.71,8.2563,10.3085,0.0711,12.8,6.75,0.9072,-35838.42
Foreign,NATWEST MARKETS PLC,2017,-0.72,-0.31,9.98,-10.56,113,4.95,-0.1543,5.7052,2.2282,50.9068,8.6071,-98.71,6.7954,10.7672,-0.1224,12.53,6.25,0.8671,-44625.48
Foreign,NATWEST MARKETS PLC,2018,2.5,-3.59,1.35,51.65,60,3.33,-1.7873,14.4009,2.2282,55.2043,8.4588,-14.83,6.533,10.7885,-1.4175,12.2,6.0,0.827,-29316.35
Foreign,NATWEST MARKETS PLC,2019,35.04,1.96,0.66,-114.74,44,3.95,0.9758,17.853,2.2282,56.7722,8.4663,0.75,4.0416,11.228,0.7739,13.21,6.5,0.7869,-14007.22
Foreign,NATWEST MARKETS PLC,2020,1.16,-0.7,0.0,-114.74,39,3.72,-0.3485,3.528,2.2282,54.2153,8.4736,0.73,-7.9646,12.6008,-0.2764,17.6,5.25,0.5929,-14007.22
Foreign,PT BANK MAYBANK INDONESIA TBK,2005,-0.35,-0.98,8.97,17.78,18,3.77,-0.3,-89.7436,16.0045,60.4256,4.817,-4.78,7.9234,10.3661,-0.4587,13.69,6.0,2.7313,-41752.39
Foreign,PT BANK MAYBANK INDONESIA TBK,2006,0.67,-1.28,12.79,17.78,16,4.25,-0.3918,33.8384,6.0771,63.3848,4.7692,-4.78,8.0607,9.8025,-0.5991,13.58,6.5,2.7313,-41752.39
Foreign,PT BANK MAYBANK INDONESIA TBK,2007,3.92,6.52,10.37,17.78,12,5.8,1.9958,62.0253,0.6209,71.7377,4.6662,-10.3,7.6608,9.8621,3.0515,14.29,7.0,1.2469,-10155.32
Foreign,PT BANK MAYBANK INDONESIA TBK,2008,11.41,8.78,0.0,17.78,3,6.37,2.6876,126.2168,3.0823,97.4768,4.3778,-28.84,3.0867,10.5385,4.1092,15.7,7.0,1.0359,-16511.22
Foreign,PT BANK MAYBANK INDONESIA TBK,2009,1.18,0.94,0.0,17.78,2,8.35,0.2877,140.4762,5.5438,98.0474,4.3742,-0.35,7.8619,11.4597,0.4399,15.82,5.0,0.7534,-20548.88
Foreign,PT BANK MAYBANK INDONESIA TBK,2010,-0.09,0.62,0.0,17.78,2,10.88,0.1898,-15.5172,8.0052,97.9766,4.3766,0.24,8.4976,11.0076,0.2902,15.38,4.25,1.2346,-25950.25
Foreign,PT BANK MAYBANK INDONESIA TBK,2011,0.07,1.4,0.0,17.78,1,11.99,0.4286,5.0,10.4667,97.6657,4.3834,0.68,5.2413,11.0845,0.844,14.93,6.5,1.0,-15649.0
Foreign,PT BANK MAYBANK INDONESIA TBK,2012,0.07,0.48,0.0,17.78,16,8.86,0.1469,0.8254,12.9281,97.4984,4.3864,50.13,5.4564,10.6839,0.2894,14.18,8.5,1.0,-19994.62
Foreign,PT BANK MAYBANK INDONESIA TBK,2013,0.07,-0.93,0.0,17.78,21,9.31,-0.2847,-3.3493,15.3896,98.3172,5.3822,99.58,6.3861,10.2952,-0.5607,13.88,7.9,1.0,-24340.25
Foreign,PT BANK MAYBANK INDONESIA TBK,2014,0.23,0.52,0.02,17.78,24,11.06,0.1592,8.2734,17.851,74.3113,5.6637,28.15,7.4102,10.4409,0.3135,13.34,7.75,0.9168,-24340.25
Foreign,PT BANK MAYBANK INDONESIA TBK,2015,1.62,0.04,1.76,17.78,23,6.65,0.0122,36.0802,34.405,85.7623,5.5205,-14.32,7.9962,10.4283,0.0241,13.0,8.0,0.4987,-24340.25
Foreign,PT BANK MAYBANK INDONESIA TBK,2016,3.42,0.81,3.69,17.78,24,4.91,0.2479,57.0952,58.2674,73.5416,5.6765,15.6,8.2563,10.3085,0.3198,12.8,6.75,0.4969,-24340.25
Foreign,PT BANK MAYBANK INDONESIA TBK,2017,1.33,-6.16,2.51,17.78,25,4.95,-1.8856,27.1429,54.2213,71.08,5.7106,3.4,6.7954,10.7672,-2.4323,12.53,6.25,0.7042,-24340.25
Foreign,PT BANK MAYBANK INDONESIA TBK,2018,3.21,-0.78,17.08,17.78,22,3.33,-0.2388,479.1045,35.7666,81.1192,5.5784,-13.21,6.533,10.7885,-0.308,12.2,6.0,0.3902,-24340.25
Foreign,PT BANK MAYBANK INDONESIA TBK,2019,4.06,-0.35,17.87,17.78,22,3.95,-0.1071,446.1538,41.5795,80.7409,5.5831,0.47,4.0416,11.228,-0.1382,13.21,6.5,0.3887,-24340.25
Foreign,PT BANK MAYBANK INDONESIA TBK,2020,6.05,0.26,16.94,17.78,22,3.72,0.0796,362.2755,36.0822,72.699,5.6887,10.56,-7.9646,12.6008,0.1027,17.6,5.25,0.4466,-24340.25
Foreign,QATAR NATIONAL BANK (Q.P.S.C.),2018,0.16,-0.69,1.67,0.0,23,3.33,-1.8251,-7.4074,26.761,61.4368,5.818,42.35,6.533,10.7885,-0.2724,12.2,6.0,0.5312,-39365.36
Foreign,QATAR NATIONAL BANK (Q.P.S.C.),2019,0.26,0.03,27.11,0.0,24,3.95,0.0794,3.504,53.6357,61.4368,6.2415,42.35,4.0416,11.228,0.0118,13.21,6.5,0.7396,-39365.36
Foreign,QATAR NATIONAL BANK (Q.P.S.C.),2020,4.64,-0.13,63.33,0.0,24,3.72,-0.3439,20.5583,63.2642,28.3821,7.033,79.14,-7.9646,12.6008,-0.0513,17.6,5.25,0.9787,-39365.36
Foreign,ROYAL BANK OF SCOTLAND N.V.,2005,435.32,1.27,45.64,4.17,0,3.77,1.8688,56.1066,63.8926,8.7488,9.6418,42.46,7.9234,10.3661,0.5944,13.69,6.0,0.6772,-16824.21
Foreign,ROYAL BANK OF SCOTLAND N.V.,2006,612.48,1.03,50.4,0.03,0,4.25,1.5156,49.3506,64.0324,6.7484,10.0665,42.46,8.0607,9.8025,0.4821,13.58,6.5,0.6415,-14728.86
Foreign,ROYAL BANK OF SCOTLAND N.V.,2007,861.78,1.37,56.1,43.22,0,5.8,2.0159,41.4974,64.4763,6.9216,10.2583,19.18,7.6608,9.8621,0.6412,14.29,7.0,0.5715,-12792.44
Foreign,ROYAL BANK OF SCOTLAND N.V.,2008,643.82,0.78,51.65,39.81,0,6.37,1.1477,27.1083,55.6609,6.4625,10.5083,25.0,3.0867,10.5385,0.3651,15.7,7.0,1.0425,-17099.57
Foreign,ROYAL BANK OF SCOTLAND N.V.,2009,1225.11,0.06,53.04,337.9,0,8.35,0.0883,43.0251,55.3608,7.928,10.312,-19.62,7.8619,11.4597,0.0281,15.82,5.0,0.4763,-13853.75
Foreign,ROYAL BANK OF SCOTLAND N.V.,2010,749.48,-0.4,69.73,-28.04,0,10.88,-0.5886,39.8776,56.3048,9.5798,10.0778,-23.42,8.4976,11.0076,-0.1872,15.38,4.25,0.4374,-14388.08
Foreign,ROYAL BANK OF SCOTLAND N.V.,2011,786.37,0.76,63.39,15.67,0,11.99,1.1183,49.1862,47.9553,11.1917,9.9989,0.34,5.2413,11.0845,0.4582,14.93,6.5,0.4268,-15275.81
Foreign,ROYAL BANK OF SCOTLAND N.V.,2012,818.0,1.96,46.58,1955.46,0,8.86,2.8841,47.9667,44.7731,10.5091,10.2398,24.09,5.4564,10.6839,1.1816,14.18,8.5,0.4505,-13325.57
Foreign,ROYAL BANK OF SCOTLAND N.V.,2013,546.99,0.96,48.37,-10.08,0,9.31,1.4126,38.7933,47.5497,10.7434,10.1796,-6.02,6.3861,10.2952,0.5787,13.88,7.9,0.419,-19478.87
Foreign,ROYAL BANK OF SCOTLAND N.V.,2014,654.95,1.67,57.08,-123.75,0,11.06,2.4574,44.6474,54.6745,14.8324,9.9216,-25.8,7.4102,10.4409,1.0068,13.34,7.75,0.3168,-16123.09
Foreign,ROYAL BANK OF SCOTLAND N.V.,2015,334.65,0.59,55.27,-43.13,0,6.65,0.8682,34.2444,58.6285,15.1023,9.8532,-6.84,7.9962,10.4283,0.3557,13.0,8.0,0.4697,-22603.76
Foreign,SBERBANK,2012,0.28,-0.99,0.01,-187.61,16,8.86,-0.1564,-20.7407,20.745,56.5996,4.9283,25.5,5.4564,10.6839,-0.5968,14.18,8.5,0.9311,-16602.64
Foreign,SBERBANK,2013,0.28,-1.08,2.65,-92.3,16,9.31,-0.1706,-20.7407,20.745,56.5996,5.1832,25.5,6.3861,10.2952,-0.6511,13.88,7.9,0.9311,-16602.64
Foreign,SBERBANK,2014,3.7,0.28,20.78,3.0,19,11.06,0.0442,41.9501,83.5286,56.5996,5.973,78.98,7.4102,10.4409,0.1688,13.34,7.75,0.8067,-16602.64
Foreign,SBERBANK,2015,6.25,1.63,16.85,4.31,17,6.65,0.2575,17.0532,87.7529,56.5996,5.8451,-12.79,7.9962,10.4283,0.9827,13.0,8.0,0.5162,-16602.64
Foreign,SBERBANK,2016,7.34,-0.17,15.34,12.54,17,4.91,-0.0269,25.6285,71.6975,43.9609,6.0948,24.96,8.2563,10.3085,-0.0671,12.8,6.75,0.5069,-16782.34
Foreign,SBERBANK,2017,10.19,0.03,8.53,11.43,17,4.95,0.0047,36.5889,41.7345,59.4884,6.1357,4.09,6.7954,10.7672,0.0118,12.53,6.25,0.5288,-17549.39
Foreign,SBERBANK,2018,10.75,-3.8,9.48,60.57,18,3.33,-0.6003,88.9901,30.2069,63.3014,6.0171,-11.86,6.533,10.7885,-1.5004,12.2,6.0,0.9041,-31018.21
Foreign,SBERBANK,2019,46.97,4.29,9.34,60.57,18,3.95,0.6777,114.0049,18.0186,67.8109,6.0321,1.5,4.0416,11.228,1.6939,13.21,6.5,0.9489,-14947.52
Foreign,SBERBANK,2020,163.8,17.86,5.05,60.57,26,3.72,2.8216,116.3104,6.2546,75.7348,6.1697,1.5,-7.9646,12.6008,7.0521,17.6,5.25,0.9335,-13554.73
Foreign,SBM BANK (INDIA) LTD.,2005,2.08,1.2,32.95,1.88,29,3.77,0.375,6.1886,48.7446,27.7812,6.1199,-38.02,7.9234,10.3661,0.5616,13.69,6.0,0.5431,-11593.07
Foreign,SBM BANK (INDIA) LTD.,2006,1.79,1.97,58.96,1.88,31,4.25,0.6156,4.8934,50.1907,29.6189,6.1058,-12.17,8.0607,9.8025,0.922,13.58,6.5,0.9064,-11777.82
Foreign,SBM BANK (INDIA) LTD.,2007,6.36,1.53,41.19,1.88,28,5.8,0.4781,17.4629,26.1138,30.0422,6.2426,13.69,7.6608,9.8621,0.7161,14.29,7.0,0.4178,-10331.43
Foreign,SBM BANK (INDIA) LTD.,2008,5.71,1.12,54.5,1.88,32,6.37,0.35,15.743,47.041,34.9611,6.1208,-12.19,3.0867,10.5385,0.5242,15.7,7.0,0.3378,-10681.58
Foreign,SBM BANK (INDIA) LTD.,2009,3.07,0.9,59.38,1.88,29,8.35,0.2812,7.4208,48.2834,26.2188,6.4407,31.99,7.8619,11.4597,0.4212,15.82,5.0,0.9555,-11634.89
Foreign,SBM BANK (INDIA) LTD.,2010,4.57,-0.66,55.83,1.88,28,10.88,-0.2062,11.1518,65.8167,26.0551,6.4348,-0.59,8.4976,11.0076,-0.3089,15.38,4.25,0.7081,-11437.72
Foreign,SBM BANK (INDIA) LTD.,2011,5.5,0.93,43.79,3.14,39,11.99,0.2906,10.3656,52.302,27.9529,7.0402,10.39,5.2413,11.0845,0.5607,14.93,6.5,0.4735,-11850.04
Foreign,SBM BANK (INDIA) LTD.,2012,12.52,0.81,54.2,3.48,47,8.86,0.2531,10.4499,57.4518,23.3295,7.2539,21.37,5.4564,10.6839,0.4883,14.18,8.5,0.4006,-10831.97
Foreign,SBM BANK (INDIA) LTD.,2013,20.19,2.53,40.65,3.82,51,9.31,0.7905,13.4771,55.3499,41.1722,7.2947,4.08,6.3861,10.2952,1.5252,13.88,7.9,0.3162,-9679.76
Foreign,SBM BANK (INDIA) LTD.,2014,12.28,-3.32,51.06,130.88,57,11.06,-1.0374,8.5778,40.4677,39.2122,7.2625,-3.22,7.4102,10.4409,-2.0015,13.34,7.75,0.3112,-10711.13
Foreign,SBM BANK (INDIA) LTD.,2015,5.48,0.12,51.76,42.11,52,6.65,0.0375,4.0315,44.7553,37.8748,7.2983,3.58,7.9962,10.4283,0.0723,13.0,8.0,0.3482,-11664.26
Foreign,SBM BANK (INDIA) LTD.,2016,14.05,-2.66,61.37,27.15,54,4.91,-0.8312,13.4296,39.7093,32.6566,7.3662,6.79,8.2563,10.3085,-1.0503,12.8,6.75,0.3353,-15385.43
Foreign,SBM BANK (INDIA) LTD.,2017,11.53,-2.04,69.19,60.63,63,4.95,-0.6374,12.3092,41.51,27.3553,7.4735,10.73,6.7954,10.7672,-0.8055,12.53,6.25,0.2623,-13116.4
Foreign,SBM BANK (INDIA) LTD.,2018,14.3,-5.54,67.17,135.47,70,3.33,-1.7311,12.0746,56.623,20.9763,7.4929,1.93,6.533,10.7885,-2.1875,12.2,6.0,0.2585,-12671.48
Foreign,SBM BANK (INDIA) LTD.,2019,3.58,-9.62,61.57,15.31,81,3.95,-3.0059,-14.9854,35.9632,33.0213,7.3767,-11.61,4.0416,11.228,-3.7985,13.21,6.5,0.3183,-18628.14
Foreign,SBM BANK (INDIA) LTD.,2020,68.34,0.1,73.16,25.02,186,3.72,0.0312,63.744,50.621,23.2275,7.8246,44.79,-7.9646,12.6008,0.0395,17.6,5.25,0.517,-18028.64
Foreign,SHINHAN BANK,2005,4.94,2.49,34.89,8.93,15,3.77,4.247,37.481,24.7456,25.6128,5.6314,22.7,7.9234,10.3661,1.1654,13.69,6.0,0.4915,-10615.75
Foreign,SHINHAN BANK,2006,4.65,1.48,37.8,8.93,16,4.25,2.5243,28.1818,23.0372,30.5823,5.9798,22.7,8.0607,9.8025,0.6927,13.58,6.5,0.46,-11147.82
Foreign,SHINHAN BANK,2007,2.86,1.6,41.87,8.93,34,5.8,2.729,14.8571,27.4708,43.728,6.2068,22.7,7.6608,9.8621,0.7488,14.29,7.0,0.4828,-17397.75
Foreign,SHINHAN BANK,2008,5.58,1.86,47.47,8.93,38,6.37,3.1725,13.7371,44.356,32.5155,6.5618,35.51,3.0867,10.5385,0.8705,15.7,7.0,0.4615,-14273.93
Foreign,SHINHAN BANK,2009,8.38,1.86,73.95,8.93,53,8.35,3.1725,14.0935,44.1746,24.073,6.943,38.12,7.8619,11.4597,0.8705,15.82,5.0,0.476,-11735.98
Foreign,SHINHAN BANK,2010,12.59,2.28,65.04,8.93,53,10.88,3.8888,18.3421,45.1005,25.7043,6.9703,2.72,8.4976,11.0076,1.0671,15.38,4.25,0.5011,-10537.49
Foreign,SHINHAN BANK,2011,13.19,1.82,56.81,8.93,76,11.99,3.1042,15.6651,44.3892,34.7449,7.2406,27.03,5.2413,11.0845,1.0972,14.93,6.5,0.4758,-11474.86
Foreign,SHINHAN BANK,2012,17.28,2.52,59.4,8.93,76,8.86,4.2982,12.4308,52.3842,30.2752,7.465,22.44,5.4564,10.6839,1.5192,14.18,8.5,0.5163,-11051.92
Foreign,SHINHAN BANK,2013,19.36,1.78,58.25,8.14,86,9.31,3.036,10.0332,48.7741,23.1523,7.8132,34.82,6.3861,10.2952,1.0731,13.88,7.9,0.5263,-11388.73
Foreign,SHINHAN BANK,2014,28.25,1.78,59.28,7.36,111,11.06,3.036,10.6712,41.827,28.9623,8.0495,23.64,7.4102,10.4409,1.0731,13.34,7.75,0.4937,-10863.04
Foreign,SHINHAN BANK,2015,27.44,2.05,49.49,6.58,126,6.65,3.4965,10.441,66.042,25.2985,8.2693,21.98,7.9962,10.4283,1.2359,13.0,8.0,0.5021,-12122.7
Foreign,SHINHAN BANK,2016,27.23,1.42,70.34,5.79,154,4.91,2.422,9.0456,58.3469,19.8853,8.5739,30.46,8.2563,10.3085,0.5607,12.8,6.75,0.4484,-12237.68
Foreign,SHINHAN BANK,2017,37.95,1.15,68.5,8.86,216,4.95,1.9615,9.257,67.0164,18.15,8.7312,15.73,6.7954,10.7672,0.4541,12.53,6.25,0.4878,-11991.96
Foreign,SHINHAN BANK,2018,48.02,0.77,70.48,11.93,274,3.33,1.3133,10.006,72.7696,14.3022,9.0248,29.35,6.533,10.7885,0.304,12.2,6.0,0.5629,-12175.25
Foreign,SHINHAN BANK,2019,65.01,0.86,71.34,15.0,289,3.95,1.4668,11.9166,74.7926,13.7993,9.1202,9.54,4.0416,11.228,0.3396,13.21,6.5,0.5267,-11747.14
Foreign,SHINHAN BANK,2020,70.57,0.53,70.1,85.01,326,3.72,0.904,11.5021,67.5474,12.0569,9.2956,17.54,-7.9646,12.6008,0.2093,17.6,5.25,0.6288,-12047.91
Foreign,SOCIETE GENERALE,2005,12.42,1.61,59.1,-10.51,58,3.77,2.9262,37.7508,17.8684,36.1183,6.7923,45.77,7.9234,10.3661,0.7535,13.69,6.0,0.3214,-14106.03
Foreign,SOCIETE GENERALE,2006,23.83,1.15,52.04,-8.17,113,4.25,2.0901,27.6098,14.9478,18.7133,7.5022,45.77,8.0607,9.8025,0.5382,13.58,6.5,1.2231,-12334.18
Foreign,SOCIETE GENERALE,2007,39.6,0.96,39.38,-5.82,114,5.8,1.7448,24.7361,13.44,12.1615,7.9598,45.77,7.6608,9.8621,0.4493,14.29,7.0,1.406,-11764.21
Foreign,SOCIETE GENERALE,2008,42.38,1.33,43.32,-3.48,118,6.37,2.4173,20.9201,12.2237,11.8232,8.0538,9.4,3.0867,10.5385,0.6225,15.7,7.0,1.086,-12337.87
Foreign,SOCIETE GENERALE,2009,68.78,2.07,38.21,-1.13,115,8.35,3.7622,44.1095,16.95,17.6667,7.6771,-37.67,7.8619,11.4597,0.9688,15.82,5.0,0.4413,-11530.89
Foreign,SOCIETE GENERALE,2010,8.97,0.31,35.33,1.21,109,10.88,0.5634,16.2324,17.535,15.3529,7.7696,9.25,8.4976,11.0076,0.1451,15.38,4.25,1.0234,-38920.35
Foreign,SOCIETE GENERALE,2011,36.96,0.8,29.64,0.66,83,11.99,1.454,22.7083,23.3531,12.8343,8.0048,23.53,5.2413,11.0845,0.4823,14.93,6.5,1.6055,-13054.37
Foreign,SOCIETE GENERALE,2012,8.62,1.17,41.27,0.11,94,8.86,2.1265,4.8154,34.0439,27.1152,8.0402,3.54,5.4564,10.6839,0.7053,14.18,8.5,1.1822,-15339.72
Foreign,SOCIETE GENERALE,2013,10.27,1.22,43.49,-0.44,97,9.31,2.2174,5.7554,55.2595,26.9574,8.0644,2.42,6.3861,10.2952,0.7355,13.88,7.9,0.7588,-18662.75
Foreign,SOCIETE GENERALE,2014,51.84,0.88,37.41,-0.31,107,11.06,1.5994,25.0036,48.4537,15.7184,8.6089,54.44,7.4102,10.4409,0.5305,13.34,7.75,0.3355,-16340.66
Foreign,SOCIETE GENERALE,2015,58.77,0.73,44.49,-0.43,118,6.65,1.3268,18.1652,53.8738,13.3525,8.8168,20.8,7.9962,10.4283,0.4401,13.0,8.0,0.4521,-14150.65
Foreign,SOCIETE GENERALE,2016,76.48,0.88,59.65,5.55,95,4.91,1.5994,21.5942,59.4557,16.0538,8.6946,-12.23,8.2563,10.3085,0.3475,12.8,6.75,0.5687,-13536.49
Foreign,SOCIETE GENERALE,2017,53.57,0.01,45.37,11.52,102,4.95,0.0182,22.4923,47.5039,26.163,8.2798,9.2,6.7954,10.7672,0.0039,12.53,6.25,0.6647,-17182.83
Foreign,SOCIETE GENERALE,2018,85.79,0.37,50.32,17.5,101,3.33,0.6725,38.6964,50.7814,19.5855,8.5861,30.63,6.533,10.7885,0.1461,12.2,6.0,0.3867,-14584.31
Foreign,SOCIETE GENERALE,2019,106.5,0.09,32.6,85.97,100,3.95,0.1636,37.2508,21.0778,24.2682,8.8668,28.08,4.0416,11.228,0.0355,13.21,6.5,0.3126,-12926.9
Foreign,SOCIETE GENERALE,2020,79.53,0.54,26.92,-24.55,79,3.72,0.9815,31.5608,15.4402,17.1627,9.2298,36.3,-7.9646,12.6008,0.2132,17.6,5.25,0.3126,-16680.91
Foreign,SONALI BANK,2005,4.86,4.0,67.72,0.02,42,3.77,4.5018,148.1707,18.3466,17.3018,3.4825,-7.89,7.9234,10.3661,1.8721,13.69,6.0,0.7066,-23854.31
Foreign,SONALI BANK,2006,3.76,1.69,66.55,0.52,40,4.25,1.902,210.0559,9.9767,15.3974,3.4035,-7.89,8.0607,9.8025,0.7909,13.58,6.5,0.7019,-49643.21
Foreign,SONALI BANK,2007,3.54,1.52,70.32,0.03,39,5.8,1.7107,189.3048,8.3312,12.8847,3.6881,28.46,7.6608,9.8621,0.7114,14.29,7.0,0.7136,-41281.28
Foreign,SONALI BANK,2008,3.73,1.6,64.98,0.04,41,6.37,1.8007,210.7345,21.7789,14.1036,3.586,-10.21,3.0867,10.5385,0.7488,15.7,7.0,0.6236,-50398.95
Foreign,SONALI BANK,2009,4.63,1.98,81.37,0.06,34,8.35,2.2284,177.3947,20.3743,11.1913,3.9375,35.15,7.8619,11.4597,0.9267,15.82,5.0,0.6627,-34223.11
Foreign,SONALI BANK,2010,4.96,1.64,75.28,0.07,35,10.88,1.8457,231.7757,18.3818,14.9752,3.7441,13.98,8.4976,11.0076,0.7675,15.38,4.25,0.6912,-56556.78
Foreign,SONALI BANK,2011,4.43,0.43,71.29,0.04,43,11.99,0.4839,335.606,22.4962,16.8785,3.6722,-7.18,5.2413,11.0845,0.2592,14.93,6.5,0.6695,-46861.6
Foreign,SONALI BANK,2012,5.92,2.23,70.18,0.29,34,8.86,2.5097,179.394,41.5991,17.8378,3.7932,12.1,5.4564,10.6839,1.3444,14.18,8.5,0.6435,-37166.41
Foreign,SONALI BANK,2013,7.37,3.37,71.02,0.53,33,9.31,3.7927,140.6489,32.8633,17.4759,4.0257,23.25,6.3861,10.2952,2.0316,13.88,7.9,0.7256,-23723.22
Foreign,SONALI BANK,2014,6.68,1.75,74.14,0.78,37,11.06,1.9695,146.8132,26.5006,15.5463,4.2409,21.52,7.4102,10.4409,1.055,13.34,7.75,0.7625,-26845.27
Foreign,SONALI BANK,2015,6.59,1.67,78.34,0.13,36,6.65,1.8795,167.2589,24.8929,12.7249,4.5365,18.11,7.9962,10.4283,1.0068,13.0,8.0,0.7753,-36745.76
Foreign,SONALI BANK,2016,7.68,1.92,75.77,0.05,36,4.91,2.1609,169.5364,22.2591,14.0366,4.5677,14.7,8.2563,10.3085,0.7581,12.8,6.75,0.7774,-35233.75
Foreign,SONALI BANK,2017,9.36,1.14,76.39,0.64,38,4.95,1.283,176.6038,20.0223,13.7253,4.6806,11.29,6.7954,10.7672,0.4501,12.53,6.25,0.724,-34925.02
Foreign,SONALI BANK,2018,11.38,2.95,71.79,0.09,36,3.33,3.3201,134.6746,30.046,17.5844,4.6467,-3.39,6.533,10.7885,1.1648,12.2,6.0,0.741,-20786.36
Foreign,SONALI BANK,2019,10.83,2.3,77.75,0.44,33,3.95,2.5885,147.9508,19.9589,14.7319,4.8399,19.32,4.0416,11.228,0.9082,13.21,6.5,0.7353,-25025.67
Foreign,SONALI BANK,2020,8.98,1.02,78.72,0.03,33,3.72,1.148,193.5345,19.1123,11.4782,4.8641,2.41,-7.9646,12.6008,0.4028,17.6,5.25,0.7322,-42792.41
Foreign,STANDARD CHARTERED BANK,2005,525.43,1.97,60.53,0.25,5232,3.77,2.6413,24.1444,53.6712,8.6916,10.5243,-95.85,7.9234,10.3661,0.922,13.69,6.0,1.1374,-13704.84
Foreign,STANDARD CHARTERED BANK,2006,1057.74,2.49,61.93,0.25,6497,4.25,3.3385,36.3112,52.3924,9.9263,10.7354,21.11,8.0607,9.8025,1.1654,13.58,6.5,0.5138,-12326.0
Foreign,STANDARD CHARTERED BANK,2007,1347.33,3.06,58.03,0.25,6658,5.8,4.1027,33.7691,51.1175,9.85,10.9834,24.8,7.6608,9.8621,1.4321,14.29,7.0,0.8029,-11423.82
Foreign,STANDARD CHARTERED BANK,2008,2322.2,3.13,50.38,0.25,8967,6.37,4.1966,45.094,45.4103,11.3964,11.2043,22.08,3.0867,10.5385,1.4649,15.7,7.0,0.5469,-11005.35
Foreign,STANDARD CHARTERED BANK,2009,3097.05,2.87,42.89,0.25,7825,8.35,3.848,49.5785,38.4641,10.5441,11.4872,28.3,7.8619,11.4597,1.3432,15.82,5.0,0.4094,-10635.96
Foreign,STANDARD CHARTERED BANK,2010,2837.62,3.03,54.29,0.25,8084,10.88,4.0625,46.5678,46.8062,13.0732,11.3939,-9.34,8.4976,11.0076,1.4181,15.38,4.25,0.8203,-10840.71
Foreign,STANDARD CHARTERED BANK,2011,2471.48,2.44,54.95,0.25,7813,11.99,3.2715,39.6898,46.2809,12.2872,11.5741,18.02,5.2413,11.0845,1.471,14.93,6.5,0.8757,-11981.23
Foreign,STANDARD CHARTERED BANK,2012,2988.22,1.49,52.59,0.25,7527,8.86,1.9977,36.4834,45.6853,11.6272,11.7088,8.23,5.4564,10.6839,0.8983,14.18,8.5,0.5442,-10735.03
Foreign,STANDARD CHARTERED BANK,2013,2807.22,2.43,51.9,213.85,7212,9.31,3.258,31.2378,51.7329,15.9932,11.6932,-1.56,6.3861,10.2952,1.4649,13.88,7.9,0.54,-11191.55
Foreign,STANDARD CHARTERED BANK,2014,3145.4,1.2,55.05,2799.39,6636,11.06,1.6089,31.7095,52.2307,14.9204,11.783,8.97,7.4102,10.4409,0.7234,13.34,7.75,0.4756,-11125.17
Foreign,STANDARD CHARTERED BANK,2015,3304.63,2.42,55.3,1047.16,7302,6.65,3.2446,31.5532,51.9221,19.6969,11.7886,0.56,7.9962,10.4283,1.4589,13.0,8.0,0.3686,-10376.85
Foreign,STANDARD CHARTERED BANK,2016,1993.48,0.75,57.9,3809.63,7388,4.91,1.0056,21.9183,51.236,19.0185,11.7742,-1.44,8.2563,10.3085,0.2961,12.8,6.75,0.5707,-12614.59
Foreign,STANDARD CHARTERED BANK,2017,2624.51,1.7,55.26,952.66,8075,4.95,2.2793,28.7035,47.3342,18.1997,11.8844,11.02,6.7954,10.7672,0.6712,12.53,6.25,0.3817,-11870.03
Foreign,STANDARD CHARTERED BANK,2018,1846.36,1.31,60.04,891.06,7670,3.33,1.7564,22.6996,46.0748,19.0165,11.8441,-4.03,6.533,10.7885,0.5173,12.2,6.0,0.6926,-14489.72
Foreign,STANDARD CHARTERED BANK,2019,1841.45,1.38,61.37,214.05,6531,3.95,1.8502,20.8105,39.0297,15.894,12.0509,20.68,4.0416,11.228,0.5449,13.21,6.5,0.7706,-14512.96
Foreign,STANDARD CHARTERED BANK,2020,3056.12,1.78,54.41,1070.71,6403,3.72,2.3866,27.8894,41.3084,15.6383,12.1254,7.45,-7.9646,12.6008,0.7028,17.6,5.25,0.3461,-11610.52
Foreign,SUMITOMO MITSUI BANKING CORPORATION,2013,0.0,-5.06,0.14,0.0,0,9.31,-2.1764,0.0,51.0462,99.0973,6.9817,44.27,6.3861,10.2952,-3.0505,13.88,7.9,0.5836,-4386.13
Foreign,SUMITOMO MITSUI BANKING CORPORATION,2014,10.0,1.73,25.11,0.0,0,11.06,0.7441,21.8675,51.0462,65.009,7.4244,44.27,7.4102,10.4409,1.0429,13.34,7.75,0.5836,-56046.52
Foreign,SUMITOMO MITSUI BANKING CORPORATION,2015,30.53,2.05,29.35,0.0,0,6.65,0.8817,9.9314,35.1119,60.9527,8.6824,125.8,7.9962,10.4283,1.2359,13.0,8.0,0.5152,-13713.68
Foreign,SUMITOMO MITSUI BANKING CORPORATION,2016,45.27,1.69,46.65,0.0,0,4.91,0.7269,8.1543,43.5734,41.2877,9.1116,42.93,8.2563,10.3085,0.6673,12.8,6.75,0.4511,-12112.57
Foreign,SUMITOMO MITSUI BANKING CORPORATION,2017,43.66,1.22,62.24,0.0,0,4.95,0.5247,6.4293,38.5118,27.8497,9.5427,43.11,6.7954,10.7672,0.4817,12.53,6.25,0.3677,-12374.78
Foreign,SUMITOMO MITSUI BANKING CORPORATION,2018,40.51,1.05,60.45,0.0,0,3.33,0.4516,6.0036,45.9274,30.0982,9.4993,-4.34,6.533,10.7885,0.4146,12.2,6.0,0.3899,-12970.41
Foreign,SUMITOMO MITSUI BANKING CORPORATION,2019,74.77,1.12,64.32,0.0,0,3.95,0.4817,7.6597,47.9992,29.0549,9.5761,7.69,4.0416,11.228,0.4422,13.21,6.5,0.4131,-11565.49
Foreign,SUMITOMO MITSUI BANKING CORPORATION,2020,145.39,1.22,58.1,0.0,0,3.72,0.5247,11.9096,43.8194,35.6704,10.1234,54.73,-7.9646,12.6008,0.4817,17.6,5.25,0.3891,-10574.18
Foreign,UBS AG,2009,0.0,-7.98,0.0,0.0,0,8.35,-2.2756,0.0,1.3213,77.0845,5.7003,108.71,7.8619,11.4597,-3.7348,15.82,5.0,0.3528,-1728.24
Foreign,UBS AG,2010,8.11,0.1,10.79,0.0,0,10.88,0.0285,75.2319,1.3213,77.0845,7.5454,108.71,8.4976,11.0076,0.0468,15.38,4.25,0.3528,-10250.18
Foreign,UBS AG,2011,56.62,1.63,11.26,0.0,0,11.99,0.4648,40.017,12.208,34.7409,8.6326,108.71,5.2413,11.0845,0.9827,14.93,6.5,1.8599,-18772.12
Foreign,UBS AG,2012,-77.94,0.78,8.84,0.0,0,8.86,0.2224,-42.0956,9.2696,29.0863,8.8261,19.35,5.4564,10.6839,0.4702,14.18,8.5,1.1907,-40766.36
Foreign,UBS AG,2013,-50.5,1.33,37.48,0.0,0,9.31,0.3793,-18.0344,14.2755,30.2982,8.8282,0.21,6.3861,10.2952,0.8018,13.88,7.9,1.0576,-23629.48
Foreign,UBS AG,2014,-92.38,0.87,0.0,0.0,0,11.06,0.2481,-83.2327,14.2755,98.3568,7.669,-115.92,7.4102,10.4409,0.5245,13.34,7.75,0.9244,-23354.58
Foreign,UBS AG,2015,-0.06,2.12,0.0,0.0,0,6.65,0.6045,-0.0578,14.2755,98.7354,7.6868,1.78,7.9962,10.4283,1.2781,13.0,8.0,0.9244,-23079.68
Foreign,UNITED OVERSEAS BANK LTD,2011,0.0,-0.24,0.0,36.09,0,11.99,-0.2011,0.0,17.2642,93.961,4.9222,27.57,5.2413,11.0845,-0.1447,14.93,6.5,1.0,-54586.43
Foreign,UNITED OVERSEAS BANK LTD,2012,0.28,1.21,0.0,36.09,0,8.86,1.0139,13.2701,17.2642,93.961,5.0582,27.57,5.4564,10.6839,0.7295,14.18,8.5,1.0,-54586.43
Foreign,UNITED OVERSEAS BANK LTD,2013,0.72,1.21,2.98,36.09,0,9.31,1.0139,26.087,17.2642,75.2039,5.3339,27.57,6.3861,10.2952,0.7295,13.88,7.9,1.2365,-54586.43
Foreign,UNITED OVERSEAS BANK LTD,2014,4.23,0.43,16.24,36.09,0,11.06,0.3603,46.4325,56.4274,41.2905,5.9353,60.14,7.4102,10.4409,0.2592,13.34,7.75,0.9581,-54586.43
Foreign,UNITED OVERSEAS BANK LTD,2015,7.24,2.46,9.11,36.09,0,6.65,2.0613,13.0498,76.5534,67.4752,7.0431,110.78,7.9962,10.4283,1.483,13.0,8.0,0.5613,-15938.82
Foreign,UNITED OVERSEAS BANK LTD,2016,8.24,2.41,25.65,36.09,0,4.91,2.0194,8.8717,71.2623,51.6176,7.3556,31.25,8.2563,10.3085,0.9516,12.8,6.75,0.5706,-13638.62
Foreign,UNITED OVERSEAS BANK LTD,2017,12.19,0.55,14.46,36.09,0,4.95,0.4609,15.0142,68.4187,48.7741,7.4224,6.68,6.7954,10.7672,0.2172,12.53,6.25,0.5503,-13221.38
Foreign,UNITED OVERSEAS BANK LTD,2018,6.04,0.01,14.55,44.11,0,3.33,0.0084,10.6058,19.9964,73.5894,7.0113,-41.11,6.533,10.7885,0.0039,12.2,6.0,0.5948,-17307.23
Foreign,UNITED OVERSEAS BANK LTD,2019,15.71,-0.95,38.64,75.0,0,3.95,-0.796,18.7358,36.7902,59.8988,7.1994,18.81,4.0416,11.228,-0.3751,13.21,6.5,0.5607,-12960.37
Foreign,UNITED OVERSEAS BANK LTD,2020,18.06,2.34,48.96,-80.19,0,3.72,1.9607,91.8616,39.1375,46.3164,7.5019,30.26,-7.9646,12.6008,0.924,17.6,5.25,0.5753,-12960.37
Foreign,WESTPAC BANKING CORPORATION,2013,4.16,1.03,0.0,0.0,0,9.31,4.0043,25.5685,6.7689,99.2434,6.7134,114.42,6.3861,10.2952,0.6209,13.88,7.9,0.5176,-29138.39
Foreign,WESTPAC BANKING CORPORATION,2014,13.55,1.35,51.27,0.0,0,11.06,5.2483,18.8903,6.7689,32.4427,7.8576,114.42,7.4102,10.4409,0.8139,13.34,7.75,0.5156,-17914.96
Foreign,WESTPAC BANKING CORPORATION,2015,-5.45,0.98,49.25,0.0,0,6.65,3.8099,-4.5902,9.2706,27.9201,8.0395,18.19,7.9962,10.4283,0.5908,13.0,8.0,1.5956,-21720.01
Foreign,WESTPAC BANKING CORPORATION,2016,-33.31,0.77,46.23,0.0,0,4.91,2.9935,-26.8781,16.8883,23.2182,8.2517,21.21,8.2563,10.3085,0.304,12.8,6.75,2.6756,-28273.74
Foreign,WESTPAC BANKING CORPORATION,2017,-3.98,1.44,37.67,0.0,0,4.95,5.5982,-2.4606,20.1492,34.1995,7.9145,-33.72,6.7954,10.7672,0.5686,12.53,6.25,1.6212,-16828.79
Foreign,WESTPAC BANKING CORPORATION,2018,17.41,1.06,11.57,0.0,0,3.33,4.1209,18.545,37.6099,42.0423,7.7289,-40.09,6.533,10.7885,0.4185,12.2,6.0,0.5668,-15618.38
Foreign,WESTPAC BANKING CORPORATION,2019,15.07,1.14,22.18,0.0,0,3.95,4.4319,15.5859,20.6192,57.5471,7.4356,-46.46,4.0416,11.228,0.4501,13.21,6.5,0.8834,-15534.52
Foreign,WESTPAC BANKING CORPORATION,2020,-3.6,1.53,0.0,0.0,0,3.72,5.9481,-13.8996,20.6192,99.2717,6.9073,-52.83,-7.9646,12.6008,0.6041,17.6,5.25,0.8834,-15534.52
Foreign,WOORI BANK,2012,0.98,0.9,0.0,12.89,0,8.86,1.3624,10.0102,8.5864,99.0183,5.0936,85.61,5.4564,10.6839,0.5426,14.18,8.5,0.3835,-44332.3
Foreign,WOORI BANK,2013,0.98,0.9,56.26,12.89,0,9.31,1.3624,10.0102,8.5864,42.6531,5.9497,85.61,6.3861,10.2952,0.5426,13.88,7.9,0.3835,-44332.3
Foreign,WOORI BANK,2014,1.65,1.74,36.45,12.89,0,11.06,2.6339,3.922,20.3376,62.6264,6.5327,58.3,7.4102,10.4409,1.049,13.34,7.75,0.52,-15849.56
Foreign,WOORI BANK,2015,3.76,2.1,47.39,12.89,0,6.65,3.1789,6.6162,32.8972,50.5501,6.7849,25.22,7.9962,10.4283,1.266,13.0,8.0,0.4314,-13900.66
Foreign,WOORI BANK,2016,4.39,1.95,48.19,12.89,0,4.91,2.9518,7.2598,31.7079,50.6858,6.8221,3.72,8.2563,10.3085,0.77,12.8,6.75,0.4746,-14561.45
Foreign,WOORI BANK,2017,4.9,1.24,63.31,12.89,0,4.95,1.877,8.2603,36.1644,35.8035,7.199,37.69,6.7954,10.7672,0.4896,12.53,6.25,0.9473,-16833.38
Foreign,WOORI BANK,2018,9.9,0.38,79.56,12.89,0,3.33,0.5752,13.2442,63.809,18.7927,7.8565,65.75,6.533,10.7885,0.15,12.2,6.0,0.5335,-19513.07
Foreign,WOORI BANK,2019,16.88,0.4,81.43,12.89,0,3.95,0.6055,9.0611,55.8403,15.0869,8.1006,24.41,4.0416,11.228,0.1579,13.21,6.5,0.5427,-13457.97
Foreign,WOORI BANK,2020,31.04,1.22,74.32,12.89,0,3.72,1.8468,12.5434,45.1656,17.4628,8.4605,24.41,-7.9646,12.6008,0.4817,17.6,5.25,0.4694,-12014.32
Private,AXIS BANK,2005,415.82,1.21,84.02,3.04,4761,3.77,2.1044,23.645,41.3391,6.4159,10.5386,129.4,7.9234,10.3661,0.5663,13.69,6.0,0.661,-12529.57
Private,AXIS BANK,2006,729.63,1.18,80.66,127.06,6553,4.25,2.0522,26.0176,44.8698,5.8025,10.8144,27.58,8.0607,9.8025,0.5523,13.58,6.5,0.4961,-11287.04
Private,AXIS BANK,2007,1010.11,1.1,80.25,73.73,9980,5.8,1.9131,23.7273,50.3384,4.6442,11.2017,38.73,7.6608,9.8621,0.5148,14.29,7.0,0.6159,-11545.74
Private,AXIS BANK,2008,1795.49,1.24,79.97,322.69,14739,6.37,2.1566,27.0166,54.4464,8.0041,11.6044,40.27,3.0867,10.5385,0.5803,15.7,7.0,0.5707,-11839.84
Private,AXIS BANK,2009,2896.88,1.44,79.46,732.21,20624,8.35,2.5044,26.6401,55.2096,6.9149,11.9031,29.87,7.8619,11.4597,0.6739,15.82,5.0,0.589,-10637.71
Private,AXIS BANK,2010,3945.78,1.67,78.22,1357.04,21640,10.88,2.9044,33.2302,57.7593,8.8817,12.1043,20.12,8.4976,11.0076,0.7816,15.38,4.25,0.4729,-10709.59
Private,AXIS BANK,2011,4632.13,1.68,77.97,955.12,26341,11.99,2.9218,30.8654,58.6732,7.8277,12.3996,29.53,5.2413,11.0845,1.0128,14.93,6.5,0.5522,-11148.94
Private,AXIS BANK,2012,5420.22,1.68,77.06,860.43,31738,8.86,2.9218,25.319,59.4338,7.9854,12.5624,16.28,5.4564,10.6839,1.0128,14.18,8.5,0.6606,-11195.86
Private,AXIS BANK,2013,6551.11,1.7,74.18,1179.22,41752,9.31,2.9566,24.4267,57.8358,9.7216,12.7384,17.59,6.3861,10.2952,1.0249,13.88,7.9,0.6085,-10868.29
Private,AXIS BANK,2014,7405.22,1.78,73.31,1295.98,42420,11.06,3.0957,24.5648,60.0313,9.9729,12.8564,11.81,7.4102,10.4409,1.0731,13.34,7.75,0.5751,-10933.91
Private,AXIS BANK,2015,8365.05,1.83,69.8,1788.61,42230,6.65,3.1827,24.1486,60.8494,9.6717,13.0432,18.67,7.9962,10.4283,1.1032,13.0,8.0,0.5645,-11072.26
Private,AXIS BANK,2016,9371.46,1.72,66.31,3800.46,50135,4.91,2.9914,23.2781,62.7567,9.8486,13.199,15.58,8.2563,10.3085,0.6791,12.8,6.75,0.5441,-10906.49
Private,AXIS BANK,2017,11691.3,0.65,68.89,11157.1,56617,4.95,1.1305,26.5509,62.0265,9.2711,13.3071,14.75,6.7954,10.7672,0.2567,12.53,6.25,0.4449,-10936.29
Private,AXIS BANK,2018,10967.1,0.04,65.62,16598.7,59819,3.33,0.0696,25.6498,63.5949,9.1773,13.4464,13.92,6.533,10.7885,0.0158,12.2,6.0,0.5304,-12121.06
Private,AXIS BANK,2019,13130.3,0.63,68.47,10221.5,61940,3.95,1.0957,25.1141,61.7728,8.3242,13.5936,14.72,4.0416,11.228,0.2488,13.21,6.5,0.4953,-11690.47
Private,AXIS BANK,2020,15536.6,0.2,69.94,12755.5,74140,3.72,0.3478,25.5254,62.4395,9.2822,13.7269,13.32,-7.9646,12.6008,0.079,17.6,5.25,0.4373,-11239.95
Private,BANDHAN BANK LTD.,2016,149.89,1.88,61.19,2.13,20548,4.91,1.7698,13.439,62.9542,16.878,9.8912,42.56,8.2563,10.3085,0.7423,12.8,6.75,0.9417,-20281.96
Private,BANDHAN BANK LTD.,2017,411.41,4.46,76.82,47.75,24220,4.95,4.1985,12.4741,55.692,14.7058,10.3168,42.56,6.7954,10.7672,1.761,12.53,6.25,0.6377,-14200.0
Private,BANDHAN BANK LTD.,2018,706.18,4.03,76.44,226.14,28159,3.33,3.7937,16.8131,67.0571,21.1734,10.699,38.22,6.533,10.7885,1.5913,12.2,6.0,0.4631,-13354.37
Private,BANDHAN BANK LTD.,2019,1063.05,4.25,76.6,391.0,32342,3.95,4.0008,18.0296,70.2378,19.8466,10.941,24.2,4.0416,11.228,1.6781,13.21,6.5,0.4795,-13019.32
Private,BANDHAN BANK LTD.,2020,1549.2,4.18,62.24,-41.33,39750,3.72,3.9349,15.4794,72.6467,16.5676,11.4265,48.55,-7.9646,12.6008,1.6505,17.6,5.25,0.4398,-12068.71
Private,BANK OF RAJASTHAN LTD.,2005,63.76,0.38,88.7,-64.04,4068,3.77,0.6114,16.2915,31.6359,3.8312,9.122,62.4,7.9234,10.3661,0.1778,13.69,6.0,0.3348,-18078.55
Private,BANK OF RAJASTHAN LTD.,2006,51.47,0.19,90.23,11.63,3990,4.25,0.3057,15.2875,41.2535,3.6804,9.1956,7.36,8.0607,9.8025,0.0889,13.58,6.5,1.0715,-25983.29
Private,BANK OF RAJASTHAN LTD.,2007,124.0,1.16,89.41,15.06,3908,5.8,1.8663,19.6451,47.1524,3.7016,9.4007,17.04,7.6608,9.8621,0.5429,14.29,7.0,0.381,-14803.57
Private,BANK OF RAJASTHAN LTD.,2008,126.96,0.91,87.64,-8.2,3936,6.37,1.4641,13.9996,47.0435,5.9398,9.6679,26.72,3.0867,10.5385,0.4259,15.7,7.0,0.4602,-13586.07
Private,BANK OF RAJASTHAN LTD.,2009,131.39,0.74,88.17,15.09,4075,8.35,1.1906,11.0206,45.1728,6.0704,9.7541,8.62,7.8619,11.4597,0.3463,15.82,5.0,0.3017,-13437.96
Private,BANK OF RAJASTHAN LTD.,2010,129.99,-0.58,87.07,59.91,3983,10.88,-0.9332,13.0436,48.1471,5.4133,9.7585,0.44,8.4976,11.0076,-0.2714,15.38,4.25,0.3406,-18778.34
Private,CATHOLIC SYRIAN BANK LTD.,2005,46.28,0.24,90.66,11.35,2863,3.77,0.4826,15.3969,51.6176,4.7315,8.3973,7.36,7.9234,10.3661,0.1123,13.69,6.0,0.4379,-15240.65
Private,CATHOLIC SYRIAN BANK LTD.,2006,40.24,0.13,89.84,19.81,2863,4.25,0.2614,15.76,56.4509,4.5159,8.4709,7.36,8.0607,9.8025,0.0608,13.58,6.5,0.5968,-20715.21
Private,CATHOLIC SYRIAN BANK LTD.,2007,42.62,0.37,89.59,19.61,2791,5.8,0.744,13.5659,56.8355,4.3276,8.5756,10.47,7.6608,9.8621,0.1732,14.29,7.0,0.3974,-17126.84
Private,CATHOLIC SYRIAN BANK LTD.,2008,60.49,0.64,89.22,11.91,2723,6.37,1.287,15.484,55.5948,5.12,8.6929,11.73,3.0867,10.5385,0.2995,15.7,7.0,0.348,-15414.91
Private,CATHOLIC SYRIAN BANK LTD.,2009,99.58,0.57,89.95,7.53,2676,8.35,1.1462,21.2012,52.327,5.5156,8.8594,16.65,7.8619,11.4597,0.2668,15.82,5.0,0.3055,-14492.63
Private,CATHOLIC SYRIAN BANK LTD.,2010,73.96,0.02,90.75,8.91,2696,10.88,0.0402,15.9793,58.0933,5.0697,8.9476,20.6,8.4976,11.0076,0.0094,15.38,4.25,0.331,-15846.81
Private,CATHOLIC SYRIAN BANK LTD.,2011,74.51,0.14,88.77,12.96,2820,11.99,0.2815,13.6066,63.2819,5.5453,9.1931,24.55,5.2413,11.0845,0.0844,14.93,6.5,0.3944,-19554.21
Private,CATHOLIC SYRIAN BANK LTD.,2012,85.24,0.24,88.01,45.98,2651,8.86,0.4826,9.8874,63.6027,4.6937,9.3967,20.36,5.4564,10.6839,0.1447,14.18,8.5,0.4068,-15663.6
Private,CATHOLIC SYRIAN BANK LTD.,2013,94.58,0.25,90.61,39.18,2817,9.31,0.5027,8.7281,64.9886,5.562,9.5193,12.26,6.3861,10.2952,0.1507,13.88,7.9,0.3034,-14932.88
Private,CATHOLIC SYRIAN BANK LTD.,2014,117.33,0.18,89.28,74.91,2896,11.06,0.362,9.6163,56.8531,5.0278,9.6366,11.73,7.4102,10.4409,0.1085,13.34,7.75,0.3129,-15285.97
Private,CATHOLIC SYRIAN BANK LTD.,2015,127.34,-0.34,91.84,110.83,2981,6.65,-0.6837,10.2805,60.0861,5.6377,9.6652,2.86,7.9962,10.4283,-0.205,13.0,8.0,0.3196,-15653.59
Private,CATHOLIC SYRIAN BANK LTD.,2016,104.68,-0.92,92.25,217.89,2865,4.91,-1.85,9.059,50.1705,5.704,9.6584,-0.69,8.2563,10.3085,-0.3633,12.8,6.75,0.4792,-16549.62
Private,CATHOLIC SYRIAN BANK LTD.,2017,281.2,0.01,91.91,182.79,2678,4.95,0.0201,23.9439,50.0451,6.1601,9.6942,3.59,6.7954,10.7672,0.0039,12.53,6.25,0.5311,-13519.1
Private,CATHOLIC SYRIAN BANK LTD.,2018,125.42,-0.59,92.57,191.07,2822,3.33,-1.1864,12.7158,58.8364,5.6019,9.6722,-2.2,6.533,10.7885,-0.233,12.2,6.0,0.5439,-17447.24
Private,CATHOLIC SYRIAN BANK LTD.,2019,135.92,-1.13,89.43,261.72,2975,3.95,-2.2723,14.7592,62.7706,8.4659,9.7357,6.35,4.0416,11.228,-0.4462,13.21,6.5,0.5285,-21627.32
Private,CATHOLIC SYRIAN BANK LTD.,2020,221.61,0.07,83.71,121.16,3204,3.72,0.1408,18.4956,60.2534,10.3935,9.845,10.93,-7.9646,12.6008,0.0276,17.6,5.25,0.5187,-16220.94
Private,CENTURION BANK OF PUNJAB,2005,72.2,0.64,76.55,7.63,1374,3.77,3.6194,36.2614,47.5738,12.7945,8.4363,89.89,7.9234,10.3661,0.2995,13.69,6.0,0.694,-31526.76
Private,CENTURION BANK OF PUNJAB,2006,276.69,0.89,82.96,78.05,4471,4.25,5.0333,47.9466,57.664,8.2188,9.3352,89.89,8.0607,9.8025,0.4165,13.58,6.5,0.6177,-21669.91
Private,CENTURION BANK OF PUNJAB,2007,440.57,0.84,80.42,40.24,14458,5.8,4.7505,45.5064,60.7125,7.5535,9.8246,48.94,7.6608,9.8621,0.3931,14.29,7.0,0.6784,-18299.98
Private,CENTURION BANK OF PUNJAB,2008,637.29,0.51,81.04,168.82,14458,6.37,2.8842,34.5252,60.1315,7.6894,10.2003,48.94,3.0867,10.5385,0.2387,15.7,7.0,0.5951,-15209.03
Private,CITY UNION BANK LTD.,2005,33.44,1.33,88.55,51.5,1433,3.77,8.0668,12.7873,57.5887,6.8867,8.1592,16.61,7.9234,10.3661,0.6225,13.69,6.0,0.6423,-12516.13
Private,CITY UNION BANK LTD.,2006,39.53,1.46,85.24,51.5,1606,4.25,8.8553,13.3656,61.7761,6.9335,8.3253,16.61,8.0607,9.8025,0.6833,13.58,6.5,0.4091,-12356.17
Private,CITY UNION BANK LTD.,2007,54.08,1.57,87.62,51.5,1871,5.8,9.5225,14.8555,62.0776,6.8191,8.5873,26.2,7.6608,9.8621,0.7348,14.29,7.0,0.5864,-12295.89
Private,CITY UNION BANK LTD.,2008,90.28,1.6,87.43,51.5,2170,6.37,9.7045,15.6644,61.7374,7.7135,8.9023,31.5,3.0867,10.5385,0.7488,15.7,7.0,0.4414,-10936.81
Private,CITY UNION BANK LTD.,2009,123.68,1.5,88.71,51.5,2424,8.35,9.0979,15.6845,61.0231,7.1443,9.1325,23.02,7.8619,11.4597,0.702,15.82,5.0,0.2913,-10651.05
Private,CITY UNION BANK LTD.,2010,143.5,1.52,88.97,51.5,2628,10.88,9.2192,15.3598,59.1158,7.1426,9.3553,22.28,8.4976,11.0076,0.7114,15.38,4.25,0.3567,-10719.1
Private,CITY UNION BANK LTD.,2011,157.4,1.67,88.51,67.25,2840,11.99,10.129,13.5759,63.4304,6.8987,9.5882,23.29,5.2413,11.0845,1.0068,14.93,6.5,0.529,-11226.96
Private,CITY UNION BANK LTD.,2012,207.13,1.71,89.05,57.0,3347,8.86,10.3717,12.7537,66.1418,6.7741,9.8174,22.92,5.4564,10.6839,1.0309,14.18,8.5,0.5555,-11076.84
Private,CITY UNION BANK LTD.,2013,273.64,1.58,88.37,97.0,3785,9.31,9.5832,13.1042,66.3533,7.1405,10.0422,22.48,6.3861,10.2952,0.9525,13.88,7.9,0.5474,-11157.04
Private,CITY UNION BANK LTD.,2014,279.86,1.44,88.09,148.5,4215,11.06,8.734,11.8208,64.4032,8.1017,10.1264,8.41,7.4102,10.4409,0.8681,13.34,7.75,0.4725,-11702.66
Private,CITY UNION BANK LTD.,2015,404.1,1.49,86.38,165.0,4364,6.65,9.0373,15.5721,64.4592,9.6714,10.2354,10.9,7.9962,10.4283,0.8983,13.0,8.0,0.3922,-11057.72
Private,CITY UNION BANK LTD.,2016,409.98,1.5,85.39,205.0,4517,4.91,9.0979,14.6607,66.2085,9.5963,10.3674,13.2,8.2563,10.3085,0.5923,12.8,6.75,0.4051,-11298.54
Private,CITY UNION BANK LTD.,2017,483.95,1.5,85.38,251.5,4689,4.95,9.0979,16.3014,67.5707,10.1223,10.4708,12.82,6.7954,10.7672,0.5923,12.53,6.25,0.3331,-11693.68
Private,CITY UNION BANK LTD.,2018,532.1,1.6,82.26,303.0,5318,3.33,9.7045,16.7334,69.7414,10.4244,10.5951,12.43,6.533,10.7885,0.6318,12.2,6.0,0.4085,-11727.73
Private,CITY UNION BANK LTD.,2019,514.39,1.64,84.95,270.0,5517,3.95,9.9471,15.1484,72.1921,10.6957,10.7202,12.51,4.0416,11.228,0.6476,13.21,6.5,0.5443,-12536.25
Private,CITY UNION BANK LTD.,2020,679.95,1.0,82.1,631.0,5740,3.72,6.0653,17.731,68.2185,10.6489,10.8144,9.43,-7.9646,12.6008,0.3949,17.6,5.25,0.3898,-12130.0
Private,DCB BANK LTD.,2005,91.29,-3.38,83.59,-0.11,1503,3.77,-2.429,39.7968,46.2728,4.2801,8.4467,-21.94,7.9234,10.3661,-1.5819,13.69,6.0,0.3044,-19055.76
Private,DCB BANK LTD.,2006,55.23,-2.01,83.49,-0.11,1492,4.25,-1.4445,30.2979,49.9054,4.3881,8.2273,-21.94,8.0607,9.8025,-0.9407,13.58,6.5,0.9052,-24030.84
Private,DCB BANK LTD.,2007,92.49,0.71,83.9,24.86,1331,5.8,0.5102,34.4662,50.5176,6.3812,8.5683,34.1,7.6608,9.8621,0.3323,14.29,7.0,0.5635,-17900.92
Private,DCB BANK LTD.,2008,173.66,0.48,80.12,49.82,2235,6.37,0.345,34.8729,53.6608,8.3896,8.9336,36.53,3.0867,10.5385,0.2246,15.7,7.0,0.3237,-13965.18
Private,DCB BANK LTD.,2009,120.06,-1.25,78.19,149.41,1942,8.35,-0.8983,22.9433,55.0899,10.0679,8.69,-24.36,7.8619,11.4597,-0.585,15.82,5.0,0.4593,-15727.98
Private,DCB BANK LTD.,2010,107.52,-1.3,78.01,113.52,1591,10.88,-0.9342,29.402,56.3776,9.7954,8.722,3.21,8.4976,11.0076,-0.6084,15.38,4.25,0.4369,-16615.72
Private,DCB BANK LTD.,2011,112.1,0.3,75.68,46.71,2174,11.99,0.2156,25.8784,57.7602,8.3839,8.911,18.89,5.2413,11.0845,0.1809,14.93,6.5,0.414,-15994.17
Private,DCB BANK LTD.,2012,100.37,0.68,73.02,24.59,2053,8.86,0.4887,17.5138,60.9025,9.9272,9.0684,15.74,5.4564,10.6839,0.4099,14.18,8.5,0.6361,-15957.24
Private,DCB BANK LTD.,2013,117.02,1.06,74.16,16.42,2220,9.31,0.7618,15.4415,58.3934,8.8933,9.3307,26.23,6.3861,10.2952,0.639,13.88,7.9,0.6061,-14850.53
Private,DCB BANK LTD.,2014,138.66,1.31,79.9,29.22,2718,11.06,0.9414,14.6292,62.9893,8.9294,9.4668,13.61,7.4102,10.4409,0.7897,13.34,7.75,0.5532,-14382.61
Private,DCB BANK LTD.,2015,165.72,1.37,78.16,33.6,3352,6.65,0.9846,13.9069,64.8703,9.8472,9.6886,22.18,7.9962,10.4283,0.8259,13.0,8.0,0.5526,-14440.79
Private,DCB BANK LTD.,2016,220.46,1.14,78.07,52.82,4248,4.91,0.8193,15.4385,67.5857,9.374,9.8584,16.98,8.2563,10.3085,0.4501,12.8,6.75,0.4588,-14384.21
Private,DCB BANK LTD.,2017,248.85,0.93,80.22,72.78,4979,4.95,0.6683,14.6618,65.7797,9.1693,10.0877,22.93,6.7954,10.7672,0.3672,12.53,6.25,0.488,-15176.86
Private,DCB BANK LTD.,2018,310.28,0.94,79.43,112.33,5790,3.33,0.6755,15.973,67.2908,9.2907,10.3163,22.86,6.533,10.7885,0.3712,12.2,6.0,0.5272,-15684.48
Private,DCB BANK LTD.,2019,350.16,0.99,79.45,109.18,6133,3.95,0.7115,13.7923,65.8474,8.7048,10.4855,16.91,4.0416,11.228,0.3909,13.21,6.5,0.5061,-14541.34
Private,DCB BANK LTD.,2020,391.09,0.9,78.87,162.24,6845,3.72,0.6468,12.9295,65.8231,8.8875,10.5586,7.31,-7.9646,12.6008,0.3554,17.6,5.25,0.4392,-13836.9
Private,DHANLAXMI BANK,2005,14.71,-0.83,88.44,10.47,1313,3.77,-0.9009,10.6974,53.3247,4.3151,7.8802,7.44,7.9234,10.3661,-0.3885,13.69,6.0,1.1021,-19641.42
Private,DHANLAXMI BANK,2006,21.91,0.33,88.9,0.71,1385,4.25,0.3582,14.6076,55.9665,4.7179,7.9546,7.44,8.0607,9.8025,0.1544,13.58,6.5,0.801,-19794.46
Private,DHANLAXMI BANK,2007,27.67,0.47,89.56,-3.8,1385,5.8,0.5102,14.6861,53.2798,4.2741,8.1455,19.09,7.6608,9.8621,0.22,14.29,7.0,0.758,-17610.5
Private,DHANLAXMI BANK,2008,42.03,0.76,89.47,-0.32,1411,6.37,0.825,16.2907,52.121,4.2705,8.3023,15.67,3.0867,10.5385,0.3557,15.7,7.0,0.4341,-14933.54
Private,DHANLAXMI BANK,2009,79.36,1.21,88.06,3.06,1402,8.35,1.3134,21.1796,56.6394,7.5225,8.6381,33.59,7.8619,11.4597,0.5663,15.82,5.0,0.5595,-12328.4
Private,DHANLAXMI BANK,2010,90.99,0.35,87.78,2.43,3275,10.88,0.3799,21.0284,61.9059,5.4419,8.998,45.18,8.4976,11.0076,0.1638,15.38,4.25,0.5261,-15704.04
Private,DHANLAXMI BANK,2011,146.77,0.23,87.82,6.33,3665,11.99,0.2497,20.7092,63.5342,5.9198,9.5658,56.78,5.2413,11.0845,0.1387,14.93,6.5,0.7026,-16785.09
Private,DHANLAXMI BANK,2012,143.64,-0.73,80.43,8.21,3468,8.86,-0.7924,13.7017,59.674,4.962,9.594,2.82,5.4564,10.6839,-0.4401,14.18,8.5,0.6368,-17859.45
Private,DHANLAXMI BANK,2013,114.3,0.02,81.0,73.95,2601,9.31,0.0217,10.5542,56.2349,5.5388,9.5346,-5.94,6.3861,10.2952,0.0121,13.88,7.9,0.4578,-14697.68
Private,DHANLAXMI BANK,2014,73.43,-1.84,82.61,138.08,2430,11.06,-1.9973,7.2139,54.0317,5.0132,9.5948,6.02,7.4102,10.4409,-1.1093,13.34,7.75,0.5449,-16160.82
Private,DHANLAXMI BANK,2015,84.95,-1.77,86.27,312.61,2279,6.65,-1.9213,8.4081,53.441,5.0436,9.5716,-2.31,7.9962,10.4283,-1.0671,13.0,8.0,0.4494,-16210.21
Private,DHANLAXMI BANK,2016,76.73,-1.61,91.1,99.3,2185,4.91,-1.7476,8.5246,55.7867,4.0757,9.4305,-14.11,8.2563,10.3085,-0.6357,12.8,6.75,0.6128,-17972.21
Private,DHANLAXMI BANK,2017,111.02,0.1,91.57,83.07,2185,4.95,0.1085,13.0377,52.2686,5.3067,9.42,-1.05,6.7954,10.7672,0.0395,12.53,6.25,0.4579,-16525.98
Private,DHANLAXMI BANK,2018,102.47,-0.2,88.88,133.76,2185,3.33,-0.2171,12.5931,49.7335,6.0999,9.4163,-0.38,6.533,10.7885,-0.079,12.2,6.0,0.6478,-15665.9
Private,DHANLAXMI BANK,2019,52.73,0.1,89.87,74.69,2185,3.95,0.1085,7.3273,53.304,6.4509,9.3758,-4.05,4.0416,11.228,0.0395,13.21,6.5,2.7278,-18276.79
Private,DHANLAXMI BANK,2020,112.85,0.55,88.9,58.54,2185,3.72,0.597,14.5354,52.9642,6.742,9.4145,3.88,-7.9646,12.6008,0.2172,17.6,5.25,0.5524,-16391.25
Private,FEDERAL BANK,2005,211.97,0.62,90.32,135.77,6474,3.77,2.058,19.4621,52.45,4.3003,9.7304,20.47,7.9234,10.3661,0.2902,13.69,6.0,0.2984,-12336.31
Private,FEDERAL BANK,2006,216.95,1.28,86.61,95.58,6015,4.25,4.2488,16.832,56.8547,6.0553,9.9351,20.47,8.0607,9.8025,0.5991,13.58,6.5,0.3869,-12704.11
Private,FEDERAL BANK,2007,302.59,1.38,86.03,89.29,6029,5.8,4.5807,17.821,59.3828,5.9873,10.1302,19.51,7.6608,9.8621,0.6459,14.29,7.0,0.3236,-11573.12
Private,FEDERAL BANK,2008,394.72,1.34,79.72,192.05,6945,6.37,4.4479,16.1668,58.1566,12.0767,10.3892,25.9,3.0867,10.5385,0.6271,15.7,7.0,0.3411,-10874.88
Private,FEDERAL BANK,2009,515.78,1.48,82.88,346.5,7570,8.35,4.9126,15.8229,57.6355,11.1346,10.5675,17.83,7.8619,11.4597,0.6927,15.82,5.0,0.3687,-10593.91
Private,FEDERAL BANK,2010,530.91,1.15,82.56,413.11,7896,10.88,3.8173,15.0517,61.7052,10.7393,10.6846,11.71,8.4976,11.0076,0.5382,15.38,4.25,0.3518,-11070.47
Private,FEDERAL BANK,2011,516.81,1.34,83.59,488.85,8270,11.99,4.4479,13.8455,62.0977,9.9281,10.8485,16.39,5.2413,11.0845,0.8078,14.93,6.5,0.3543,-11974.87
Private,FEDERAL BANK,2012,532.34,1.41,80.72,221.77,8745,8.86,4.6803,10.4146,62.2761,9.4122,11.0125,16.4,5.4564,10.6839,0.85,14.18,8.5,0.3181,-11932.66
Private,FEDERAL BANK,2013,664.44,1.35,81.11,193.95,10059,9.31,4.4811,11.7653,62.0792,8.9602,11.1709,15.84,6.3861,10.2952,0.8139,13.88,7.9,0.333,-12064.12
Private,FEDERAL BANK,2014,693.85,1.2,80.08,228.22,10467,11.06,3.9832,11.195,58.2299,9.3179,11.2198,4.89,7.4102,10.4409,0.7234,13.34,7.75,0.3271,-12684.51
Private,FEDERAL BANK,2015,878.31,1.32,85.49,217.2,10981,6.65,4.3815,13.1743,61.9006,9.3399,11.3248,10.5,7.9962,10.4283,0.7958,13.0,8.0,0.3108,-12557.84
Private,FEDERAL BANK,2016,808.19,0.57,83.71,618.74,11735,4.91,1.892,12.1273,61.4182,8.5548,11.4572,13.24,8.2563,10.3085,0.2251,12.8,6.75,0.3668,-13663.6
Private,FEDERAL BANK,2017,1081.81,0.84,84.94,410.47,11593,4.95,2.7883,14.3293,63.7835,7.7775,11.6525,15.86,6.7954,10.7672,0.3317,12.53,6.25,0.383,-13414.92
Private,FEDERAL BANK,2018,1159.12,0.75,80.97,758.19,11409,3.33,2.4895,13.6994,66.4846,8.8279,11.8373,18.48,6.533,10.7885,0.2961,12.2,6.0,0.3754,-13473.23
Private,FEDERAL BANK,2019,1351.02,0.88,84.7,650.83,12227,3.95,2.921,13.5024,69.1747,8.33,11.9788,15.51,4.0416,11.228,0.3475,13.21,6.5,0.4132,-13205.65
Private,FEDERAL BANK,2020,1931.41,0.94,84.31,1015.84,12496,3.72,3.1202,16.4144,67.6867,8.0369,12.1042,12.54,-7.9646,12.6008,0.3712,17.6,5.25,0.3789,-12873.83
Private,HDFC BANK,2005,651.34,1.47,70.69,176.22,9030,3.77,5.3065,24.4917,49.7118,8.7894,10.848,35.72,7.9234,10.3661,0.688,13.69,6.0,0.8987,-14129.55
Private,HDFC BANK,2006,1123.98,1.38,75.91,384.85,14878,4.25,4.9816,28.7593,47.6982,7.2097,11.2051,35.72,8.0607,9.8025,0.6459,13.58,6.5,0.8806,-13938.79
Private,HDFC BANK,2007,1516.23,1.33,74.86,691.15,21477,5.8,4.8011,26.3997,51.4544,7.0511,11.4212,21.61,7.6608,9.8621,0.6225,14.29,7.0,0.7493,-14093.97
Private,HDFC BANK,2008,2283.14,1.32,75.67,1026.37,37386,6.37,4.765,26.387,47.6262,8.6331,11.7994,37.82,3.0867,10.5385,0.6178,15.7,7.0,0.586,-14361.43
Private,HDFC BANK,2009,3290.6,1.28,77.92,1605.8,52687,8.35,4.6206,23.354,53.9546,7.9946,12.1187,31.93,7.8619,11.4597,0.5991,15.82,5.0,0.6085,-13980.32
Private,HDFC BANK,2010,3983.11,1.53,75.25,1938.93,51888,10.88,5.5231,28.0184,56.5636,9.6748,12.3125,19.38,8.4976,11.0076,0.7161,15.38,4.25,0.6006,-13726.27
Private,HDFC BANK,2011,4335.15,1.58,75.21,763.02,55752,11.99,5.7036,25.3363,57.682,9.1505,12.533,22.05,5.2413,11.0845,0.9525,14.93,6.5,0.7348,-14205.74
Private,HDFC BANK,2012,5783.63,1.77,73.01,1185.18,66076,8.86,6.3895,23.7227,57.8321,8.8558,12.7305,19.75,5.4564,10.6839,1.0671,14.18,8.5,0.6091,-13633.42
Private,HDFC BANK,2013,6852.62,1.9,74.0,1234.21,69401,9.31,6.8587,22.3348,59.8805,9.046,12.9,16.95,6.3861,10.2952,1.1454,13.88,7.9,0.5963,-13559.39
Private,HDFC BANK,2014,7919.64,2.0,74.72,1632.58,68165,11.06,7.2197,21.3969,61.6356,8.8443,13.1054,20.54,7.4102,10.4409,1.2057,13.34,7.75,0.563,-12808.51
Private,HDFC BANK,2015,8996.35,2.02,76.34,1723.58,76286,6.65,7.2919,20.6914,61.8955,10.5011,13.2887,18.33,7.9962,10.4283,1.2178,13.0,8.0,0.5599,-12854.84
Private,HDFC BANK,2016,10751.7,1.89,73.76,2133.63,87555,4.91,6.8226,19.913,62.7155,9.8108,13.5155,22.68,8.2563,10.3085,0.7463,12.8,6.75,0.5479,-12835.51
Private,HDFC BANK,2017,12296.5,1.88,74.51,3145.3,84325,4.95,6.7865,19.8654,64.198,10.3564,13.6691,15.37,6.7954,10.7672,0.7423,12.53,6.25,0.5403,-12930.02
Private,HDFC BANK,2018,15220.3,1.93,74.14,4910.43,88253,3.33,6.967,20.9153,61.8772,9.9907,13.8775,20.83,6.533,10.7885,0.7621,12.2,6.0,0.5838,-12594.85
Private,HDFC BANK,2019,17625.9,1.9,74.18,6394.11,98061,3.95,6.8587,19.4807,65.8397,11.9889,14.0343,20.76,4.0416,11.228,0.7502,13.21,6.5,0.6305,-12344.08
Private,HDFC BANK,2020,23260.8,2.01,74.98,9083.32,116971,3.72,7.2558,21.663,64.9262,11.1718,14.2411,20.68,-7.9646,12.6008,0.7937,17.6,5.25,0.53,-11901.42
Private,ICICI BANK,2005,3416.14,1.59,59.54,2541.99,18029,3.77,4.0472,35.8579,54.5184,7.6942,12.0297,40.51,7.9234,10.3661,0.7441,13.69,6.0,0.385,-11040.67
Private,ICICI BANK,2006,4180.89,1.3,65.67,2541.99,25384,4.25,3.3091,31.002,58.1422,8.9725,12.4348,40.51,8.0607,9.8025,0.6084,13.58,6.5,0.6395,-12213.61
Private,ICICI BANK,2007,6927.87,1.09,66.88,2541.99,33321,5.8,2.7745,31.1604,56.829,7.1559,12.7503,31.56,7.6608,9.8621,0.5101,14.29,7.0,0.4376,-10757.64
Private,ICICI BANK,2008,8810.76,1.12,61.14,2541.99,40686,6.37,2.8509,28.0197,56.4329,11.711,12.8987,13.15,3.0867,10.5385,0.5242,15.7,7.0,0.4696,-10370.85
Private,ICICI BANK,2009,7603.73,0.98,57.57,3769.03,34596,8.35,2.4945,24.0235,57.5561,13.059,12.8461,-5.26,7.8619,11.4597,0.4587,15.82,5.0,0.6157,-10226.27
Private,ICICI BANK,2010,7477.65,1.13,55.59,4362.16,35256,10.88,2.8763,27.3658,49.864,14.2043,12.8033,-4.28,8.4976,11.0076,0.5289,15.38,4.25,0.4537,-9598.8
Private,ICICI BANK,2011,6647.89,1.35,55.54,1976.91,26929,11.99,3.4363,25.5642,53.2614,13.5614,12.9147,11.14,5.2413,11.0845,0.8139,14.93,6.5,0.717,-10628.97
Private,ICICI BANK,2012,7502.76,1.5,52.24,993.18,58276,8.86,3.8181,22.6021,51.8798,12.3511,13.1003,18.56,5.4564,10.6839,0.9043,14.18,8.5,0.5717,-10720.43
Private,ICICI BANK,2013,8345.7,1.7,54.51,1394.84,62065,9.31,4.3272,21.1775,54.0708,12.4267,13.1934,9.31,6.3861,10.2952,1.0249,13.88,7.9,0.4754,-10788.95
Private,ICICI BANK,2014,10427.9,1.78,55.82,2252.27,72226,11.06,4.5309,23.5407,56.9591,12.3122,13.2957,10.23,7.4102,10.4409,1.0731,13.34,7.75,0.4172,-10499.5
Private,ICICI BANK,2015,12176.1,1.86,55.96,3141.27,67857,6.65,4.7345,24.4641,59.9759,12.4479,13.3788,8.3,7.9962,10.4283,1.1213,13.0,8.0,0.3902,-10325.99
Private,ICICI BANK,2016,15323.0,1.49,58.47,7215.67,74096,4.91,3.7927,27.6695,60.395,12.4512,13.488,10.92,8.2563,10.3085,0.5883,12.8,6.75,0.3505,-9834.07
Private,ICICI BANK,2017,19504.5,1.35,63.49,14686.0,82841,4.95,3.4363,33.1114,60.1499,12.9505,13.5565,6.85,6.7954,10.7672,0.5331,12.53,6.25,0.3847,-9547.82
Private,ICICI BANK,2018,17419.6,0.87,63.81,14244.5,82724,3.33,2.2145,30.7324,58.2804,11.9609,13.6868,13.03,6.533,10.7885,0.3435,12.2,6.0,0.3999,-10347.27
Private,ICICI BANK,2019,14512.2,0.39,67.7,16811.2,86763,3.95,0.9927,24.258,60.8265,11.2362,13.7793,9.26,4.0416,11.228,0.154,13.21,6.5,0.5265,-11819.0
Private,ICICI BANK,2020,16448.6,0.81,70.19,8814.41,99319,3.72,2.0618,23.622,58.75,10.6071,13.9093,13.0,-7.9646,12.6008,0.3198,17.6,5.25,0.5337,-12095.76
Private,IDBI BANK LTD.,2019,3300.3,-4.68,70.99,22392.2,17116,3.95,-15.7584,16.3238,45.8313,11.7432,12.677,-8.9,4.0416,11.228,-1.8479,13.21,6.5,0.431,-12183.04
Private,IDBI BANK LTD.,2020,4470.33,-4.26,74.16,9483.03,17723,3.72,-14.3442,23.5785,43.2889,11.3436,12.6114,-6.56,-7.9646,12.6008,-1.6821,17.6,5.25,0.2983,-12620.03
Private,IDFC FIRST BANK LTD.,2016,403.2,1.1,9.88,-16.99,2404,4.91,0.806,11.3852,54.9167,16.3822,11.3292,-128.22,8.2563,10.3085,0.4343,12.8,6.75,0.7865,-10744.24
Private,IDFC FIRST BANK LTD.,2017,1013.12,1.04,35.85,-1062.3,3906,4.95,0.762,12.2522,44.0459,13.0868,11.6277,29.85,6.7954,10.7672,0.4106,12.53,6.25,0.4206,-10797.5
Private,IDFC FIRST BANK LTD.,2018,1117.89,0.72,38.1,-579.61,5814,3.33,0.5275,13.3157,41.2305,12.0586,11.7482,12.05,6.533,10.7885,0.2843,12.2,6.0,0.341,-11490.68
Private,IDFC FIRST BANK LTD.,2019,852.08,-1.2,42.16,-105.92,12256,3.95,-0.8792,12.3248,51.6209,10.8618,12.0269,0.34,4.0416,11.228,-0.4738,13.21,6.5,0.8039,-30018.78
Private,IDFC FIRST BANK LTD.,2020,1722.16,-1.79,43.64,441.58,20221,3.72,-1.3115,14.1523,57.3694,10.2832,11.913,-11.38,-7.9646,12.6008,-0.7068,17.6,5.25,0.7357,-17201.91
Private,INDUSIND BANK,2005,250.75,1.5,83.95,66.4,2077,3.77,2.4711,22.3858,57.6094,5.3082,9.6564,12.05,7.9234,10.3661,0.702,13.69,6.0,0.4468,-10756.36
Private,INDUSIND BANK,2006,188.83,0.22,85.15,90.29,2365,4.25,0.3624,17.8059,52.8327,4.9145,9.7769,12.05,8.0607,9.8025,0.103,13.58,6.5,0.8676,-12871.27
Private,INDUSIND BANK,2007,244.13,0.34,84.32,55.92,2613,5.8,0.5601,17.4325,52.9657,5.0499,9.9488,17.19,7.6608,9.8621,0.1591,14.29,7.0,0.8418,-11779.26
Private,INDUSIND BANK,2008,297.58,0.34,81.84,60.9,2869,6.37,0.5601,16.7552,55.0055,5.8022,10.0546,10.58,3.0867,10.5385,0.1591,15.7,7.0,0.3793,-11492.44
Private,INDUSIND BANK,2009,456.25,0.58,80.07,132.76,4251,8.35,0.9555,20.5639,57.1096,6.0272,10.2261,17.15,7.8619,11.4597,0.2714,15.82,5.0,0.3077,-11256.94
Private,INDUSIND BANK,2010,553.48,1.14,75.52,131.28,5383,10.88,1.878,21.9246,58.1025,6.7777,10.4736,24.75,8.4976,11.0076,0.5335,15.38,4.25,0.3181,-11977.97
Private,INDUSIND BANK,2011,713.66,1.46,75.3,161.24,7008,11.99,2.4052,21.6619,57.3358,8.8751,10.7284,25.48,5.2413,11.0845,0.8802,14.93,6.5,0.3174,-12338.07
Private,INDUSIND BANK,2012,1011.78,1.57,73.55,142.58,9370,8.86,2.5864,20.123,60.8791,8.2327,10.9612,23.28,5.4564,10.6839,0.9465,14.18,8.5,0.5413,-11764.79
Private,INDUSIND BANK,2013,1362.96,1.63,73.82,219.61,11502,9.31,2.6852,20.6828,60.4593,10.4087,11.2024,24.12,6.3861,10.2952,0.9827,13.88,7.9,0.5432,-11656.38
Private,INDUSIND BANK,2014,1890.53,1.81,69.52,313.67,15590,11.06,2.9817,23.754,63.3166,10.3911,11.374,17.16,7.4102,10.4409,1.0912,13.34,7.75,0.4703,-11317.66
Private,INDUSIND BANK,2015,2548.0,1.9,66.32,338.91,19121,6.65,3.13,27.1935,61.5349,9.5221,11.6244,25.04,7.9962,10.4283,1.1454,13.0,8.0,0.5234,-11437.73
Private,INDUSIND BANK,2016,3296.95,1.91,65.08,501.5,23060,4.91,3.1465,28.6776,61.8763,12.3837,11.8699,24.55,8.2563,10.3085,0.7542,12.8,6.75,0.525,-11484.68
Private,INDUSIND BANK,2017,4171.49,1.86,70.85,704.76,25314,4.95,3.0641,30.2411,63.2978,11.5568,12.0932,22.33,6.7954,10.7672,0.7344,12.53,6.25,0.5351,-11819.91
Private,INDUSIND BANK,2018,4750.1,1.9,68.42,900.9,25284,3.33,3.13,28.8946,65.4046,10.7576,12.3088,21.56,6.533,10.7885,0.7502,12.2,6.0,0.5565,-11883.65
Private,INDUSIND BANK,2019,5646.72,1.39,70.14,2719.01,27739,3.95,2.2898,26.2599,67.0916,9.6055,12.5347,15.78,4.0416,11.228,0.5488,13.21,6.5,0.579,-11405.98
Private,INDUSIND BANK,2020,6951.31,1.54,65.8,3635.29,30674,3.72,2.537,25.2804,67.3434,11.3029,12.6348,10.01,-7.9646,12.6008,0.6081,17.6,5.25,0.5008,-11595.39
Private,ING VYSYA BANK,2005,122.67,-0.25,81.67,53.39,4587,3.77,-0.5412,16.7319,59.001,5.4695,9.6415,8.56,7.9234,10.3661,-0.117,13.69,6.0,1.1386,-18534.44
Private,ING VYSYA BANK,2006,139.17,0.05,79.53,53.39,4878,4.25,0.1082,16.5124,61.023,6.0815,9.7271,8.56,8.0607,9.8025,0.0234,13.58,6.5,1.0373,-21308.4
Private,ING VYSYA BANK,2007,285.74,0.52,79.95,69.45,5162,5.8,1.1257,27.2562,62.0968,5.7206,9.8672,18.32,7.6608,9.8621,0.2434,14.29,7.0,0.3652,-15362.74
Private,ING VYSYA BANK,2008,418.57,0.74,80.1,36.0,5709,6.37,1.6019,28.101,57.3595,6.0128,10.148,28.08,3.0867,10.5385,0.3463,15.7,7.0,0.4267,-13516.46
Private,ING VYSYA BANK,2009,547.67,0.7,78.11,106.34,6086,8.35,1.5153,27.1784,52.5877,5.3443,10.3692,22.12,7.8619,11.4597,0.3276,15.82,5.0,0.4213,-13093.28
Private,ING VYSYA BANK,2010,620.22,0.8,76.34,229.63,6113,10.88,1.7318,30.3285,54.6253,6.8799,10.4306,6.14,8.4976,11.0076,0.3744,15.38,4.25,0.3811,-12840.67
Private,ING VYSYA BANK,2011,654.96,0.89,77.39,160.36,6909,11.99,1.9267,28.1946,60.4966,6.7265,10.5717,14.11,5.2413,11.0845,0.5365,14.93,6.5,0.4527,-14243.74
Private,ING VYSYA BANK,2012,669.76,1.09,74.91,80.74,9642,8.86,2.3596,19.6045,61.1305,8.4706,10.7576,18.59,5.4564,10.6839,0.6571,14.18,8.5,0.5426,-13128.02
Private,ING VYSYA BANK,2013,726.88,1.26,75.38,84.31,9381,9.31,2.7276,16.8429,57.9396,8.4375,10.9121,15.46,6.3861,10.2952,0.7596,13.88,7.9,0.4947,-12972.77
Private,ING VYSYA BANK,2014,867.12,1.2,68.22,98.44,7941,11.06,2.5977,18.9344,59.3063,11.705,11.009,9.68,7.4102,10.4409,0.7234,13.34,7.75,0.4375,-13276.28
Private,ING VYSYA BANK,2015,813.49,0.82,70.57,350.74,8269,6.65,1.7751,16.2807,61.034,11.6329,11.1003,9.13,7.9962,10.4283,0.4943,13.0,8.0,0.5592,-13741.56
Private,JAMMU & KASHMIR BANK LTD.,2005,96.14,0.47,88.63,37.73,6873,3.77,0.4739,7.2692,47.1573,6.819,10.1033,-99.7,7.9234,10.3661,0.22,13.69,6.0,0.4403,-13773.12
Private,JAMMU & KASHMIR BANK LTD.,2006,110.85,0.67,88.79,82.0,6833,4.25,0.6756,7.5313,54.7587,6.8036,10.183,7.97,8.0607,9.8025,0.3136,13.58,6.5,0.6369,-13494.45
Private,JAMMU & KASHMIR BANK LTD.,2007,160.21,0.96,87.95,71.57,6847,5.8,0.968,9.4962,59.6231,7.0121,10.2628,7.98,7.6608,9.8621,0.4493,14.29,7.0,0.4802,-12763.34
Private,JAMMU & KASHMIR BANK LTD.,2008,245.01,1.09,87.29,30.0,7558,6.37,1.0991,10.7667,57.6463,6.9631,10.3968,13.4,3.0867,10.5385,0.5101,15.7,7.0,0.36,-11557.4
Private,JAMMU & KASHMIR BANK LTD.,2009,261.48,1.09,87.56,55.8,7627,8.35,1.0991,9.466,55.5283,6.9584,10.5372,14.04,7.8619,11.4597,0.5101,15.82,5.0,0.3003,-11662.11
Private,JAMMU & KASHMIR BANK LTD.,2010,416.24,1.2,87.52,150.0,7790,10.88,1.21,14.3742,54.1926,7.0756,10.6584,12.11,8.4976,11.0076,0.5616,15.38,4.25,0.3266,-11349.45
Private,JAMMU & KASHMIR BANK LTD.,2011,364.76,1.22,88.45,130.0,7938,11.99,1.2302,10.9902,51.8602,6.8874,10.8299,17.15,5.2413,11.0845,0.7355,14.93,6.5,0.3084,-12636.09
Private,JAMMU & KASHMIR BANK LTD.,2012,334.12,1.56,88.51,90.0,9258,8.86,1.573,7.6501,54.8828,6.7915,11.0066,17.29,5.4564,10.6839,0.9405,14.18,8.5,0.3652,-12315.57
Private,JAMMU & KASHMIR BANK LTD.,2013,483.73,1.7,89.51,189.34,9400,9.31,1.7141,8.5897,54.6398,6.7807,11.1808,17.43,6.3861,10.2952,1.0249,13.88,7.9,0.2896,-11947.8
Private,JAMMU & KASHMIR BANK LTD.,2014,390.26,1.74,88.19,85.35,9371,11.06,1.7545,6.5236,58.9987,7.2801,11.2724,9.15,7.4102,10.4409,1.049,13.34,7.75,0.3162,-12837.15
Private,JAMMU & KASHMIR BANK LTD.,2015,593.97,0.7,86.6,834.15,9283,6.65,0.7058,9.5095,58.7191,8.0469,11.2376,7.36,7.9962,10.4283,0.422,13.0,8.0,0.3395,-12869.63
Private,JAMMU & KASHMIR BANK LTD.,2016,504.03,0.57,86.45,896.73,10141,4.91,0.5747,8.6881,62.5321,8.0032,11.2931,5.56,8.2563,10.3085,0.2251,12.8,6.75,0.3171,-13990.01
Private,JAMMU & KASHMIR BANK LTD.,2017,492.86,-2.04,88.35,2359.97,10033,4.95,-2.057,9.0132,60.7375,6.921,11.3147,2.16,6.7954,10.7672,-0.8055,12.53,6.25,0.3122,-15029.49
Private,JAMMU & KASHMIR BANK LTD.,2018,495.31,0.25,89.21,1390.18,10072,3.33,0.2521,9.6505,63.4566,6.8696,11.4041,8.94,6.533,10.7885,0.0987,12.2,6.0,0.4154,-16735.65
Private,JAMMU & KASHMIR BANK LTD.,2019,812.63,0.49,88.4,1166.66,10502,3.95,0.4941,13.5224,65.3525,6.5342,11.5269,12.28,4.0416,11.228,0.1935,13.21,6.5,0.3458,-16495.05
Private,JAMMU & KASHMIR BANK LTD.,2020,545.92,-1.1,89.82,2701.71,11740,3.72,-1.1092,8.7143,59.1511,5.8725,11.5979,7.1,-7.9646,12.6008,-0.4343,17.6,5.25,0.4203,-18252.5
Private,KARNATAKA BANK LTD.,2005,221.15,1.27,86.51,55.35,4393,3.77,4.399,25.6035,50.1922,7.8076,9.4356,17.71,7.9234,10.3661,0.5944,13.69,6.0,0.4693,-10110.59
Private,KARNATAKA BANK LTD.,2006,166.8,1.28,88.56,47.05,4346,4.25,4.4336,17.0142,52.1061,7.4307,9.6127,17.71,8.0607,9.8025,0.5991,13.58,6.5,0.4329,-11071.95
Private,KARNATAKA BANK LTD.,2007,174.27,1.15,86.53,45.03,4456,5.8,3.9833,14.608,58.8853,7.6353,9.6942,8.15,7.6608,9.8621,0.5382,14.29,7.0,0.3958,-11301.23
Private,KARNATAKA BANK LTD.,2008,237.44,1.37,87.99,55.2,4677,6.37,4.7454,15.9109,56.0603,7.1335,9.8699,17.58,3.0867,10.5385,0.6412,15.7,7.0,0.3327,-11186.36
Private,KARNATAKA BANK LTD.,2009,321.79,1.25,88.96,47.0,4947,8.35,4.3297,16.7247,51.6675,6.8556,10.037,16.71,7.8619,11.4597,0.585,15.82,5.0,0.3649,-10537.33
Private,KARNATAKA BANK LTD.,2010,378.71,0.67,87.82,81.0,5244,10.88,2.3207,19.2372,53.4228,6.7825,10.2044,16.33,8.4976,11.0076,0.3136,15.38,4.25,0.3613,-10443.78
Private,KARNATAKA BANK LTD.,2011,291.76,0.72,86.25,67.5,5795,11.99,2.4939,13.8036,54.7378,7.6644,10.3638,15.95,5.2413,11.0845,0.4341,14.93,6.5,0.3795,-12771.32
Private,KARNATAKA BANK LTD.,2012,346.27,0.73,87.02,83.75,6087,8.86,2.5285,12.0271,57.0479,7.1534,10.5002,14.67,5.4564,10.6839,0.4401,14.18,8.5,0.3405,-11744.67
Private,KARNATAKA BANK LTD.,2013,397.64,0.89,86.83,172.33,6339,9.31,3.0828,11.3745,60.7028,6.8802,10.6341,13.39,6.3861,10.2952,0.5365,13.88,7.9,0.3465,-11722.84
Private,KARNATAKA BANK LTD.,2014,505.58,0.71,86.29,210.54,7185,11.06,2.4593,13.2357,60.2726,6.4901,10.7585,12.44,7.4102,10.4409,0.428,13.34,7.75,0.3122,-12199.65
Private,KARNATAKA BANK LTD.,2015,507.0,0.91,88.76,223.07,7382,6.65,3.152,11.7826,61.1151,6.538,10.8558,9.73,7.9962,10.4283,0.5486,13.0,8.0,0.3204,-12060.43
Private,KARNATAKA BANK LTD.,2016,542.86,0.76,89.36,267.18,7795,4.91,2.6325,11.9471,60.004,6.532,10.942,8.62,8.2563,10.3085,0.3001,12.8,6.75,0.3632,-12212.47
Private,KARNATAKA BANK LTD.,2017,809.34,0.74,88.59,551.43,7982,4.95,2.5632,17.2546,57.646,8.0304,11.0672,12.52,6.7954,10.7672,0.2922,12.53,6.25,0.3259,-12517.85
Private,KARNATAKA BANK LTD.,2018,954.34,0.49,89.34,1080.42,8185,3.33,1.6972,18.9381,67.1441,7.6877,11.1616,9.43,6.533,10.7885,0.1935,12.2,6.0,0.3351,-11941.8
Private,KARNATAKA BANK LTD.,2019,1001.96,0.64,86.6,763.56,8275,3.95,2.2168,18.3824,69.3626,7.3188,11.2778,11.62,4.0416,11.228,0.2527,13.21,6.5,0.3612,-12077.35
Private,KARNATAKA BANK LTD.,2020,1396.05,0.53,86.16,1108.22,8509,3.72,1.8358,22.8816,68.3734,7.1662,11.3304,5.26,-7.9646,12.6008,0.2093,17.6,5.25,0.3279,-11784.71
Private,KARUR VYSYA BANK,2005,113.15,1.45,84.62,14.9,2811,3.77,2.9315,21.2166,58.5908,9.6498,8.9727,13.32,7.9234,10.3661,0.6786,13.69,6.0,0.359,-12720.07
Private,KARUR VYSYA BANK,2006,120.6,1.65,84.11,14.9,2908,4.25,3.3359,20.2146,61.673,9.6763,9.1059,13.32,8.0607,9.8025,0.7722,13.58,6.5,0.6183,-12308.95
Private,KARUR VYSYA BANK,2007,119.15,1.53,84.31,14.9,3286,5.8,3.0933,15.005,63.5479,9.5962,9.3128,20.7,7.6608,9.8621,0.7161,14.29,7.0,0.7476,-12156.37
Private,KARUR VYSYA BANK,2008,182.93,1.63,86.06,14.9,3580,6.37,3.2954,17.0467,64.6061,8.1602,9.5876,27.48,3.0867,10.5385,0.7629,15.7,7.0,0.4658,-10919.66
Private,KARUR VYSYA BANK,2009,265.21,1.49,88.52,14.9,3941,8.35,3.0124,18.2438,61.0166,7.9139,9.7445,15.69,7.8619,11.4597,0.6973,15.82,5.0,0.4113,-10227.41
Private,KARUR VYSYA BANK,2010,246.98,1.76,87.86,14.9,4175,10.88,3.5583,14.9118,61.3046,7.3855,9.9958,25.13,8.4976,11.0076,0.8237,15.38,4.25,0.4644,-11486.87
Private,KARUR VYSYA BANK,2011,264.33,1.71,87.59,14.9,4572,11.99,3.4572,12.8852,63.1162,7.4917,10.248,25.21,5.2413,11.0845,1.0309,14.93,6.5,0.5124,-11851.74
Private,KARUR VYSYA BANK,2012,350.15,1.56,85.32,14.9,5673,8.86,3.1539,11.3724,63.6356,7.196,10.5357,23.43,5.4564,10.6839,0.9405,14.18,8.5,0.4672,-11410.32
Private,KARUR VYSYA BANK,2013,452.56,1.35,82.71,14.9,6730,9.31,2.7294,11.5074,63.0816,6.6017,10.7522,21.65,6.3861,10.2952,0.8139,13.88,7.9,0.439,-11768.07
Private,KARUR VYSYA BANK,2014,564.45,0.86,84.9,14.9,7339,11.06,1.7387,12.0866,65.949,6.4535,10.8502,9.8,7.4102,10.4409,0.5185,13.34,7.75,0.4161,-12145.91
Private,KARUR VYSYA BANK,2015,580.84,0.88,84.08,14.9,7197,6.65,1.7791,11.8977,67.9346,7.9884,10.8809,3.08,7.9962,10.4283,0.5305,13.0,8.0,0.5024,-12356.86
Private,KARUR VYSYA BANK,2016,706.78,1.03,84.9,14.9,7211,4.91,2.0824,14.235,66.2619,7.7528,10.985,10.41,8.2563,10.3085,0.4067,12.8,6.75,0.4658,-12221.26
Private,KARUR VYSYA BANK,2017,782.22,1.0,86.88,14.9,7400,4.95,2.0217,15.2789,66.1856,8.1474,11.0318,4.68,6.7954,10.7672,0.3949,12.53,6.25,0.4534,-12292.8
Private,KARUR VYSYA BANK,2018,899.93,0.53,84.98,14.9,7956,3.33,1.0715,17.377,66.9244,9.3577,11.1116,7.98,6.533,10.7885,0.2093,12.2,6.0,0.5086,-12413.3
Private,KARUR VYSYA BANK,2019,962.77,0.31,86.34,14.9,7663,3.95,0.6267,18.6447,70.0616,9.2627,11.1468,3.52,4.0416,11.228,0.1224,13.21,6.5,0.5107,-13031.51
Private,KARUR VYSYA BANK,2020,1154.62,0.32,86.52,14.9,7935,3.72,0.647,21.3704,67.5152,9.6667,11.1314,-1.54,-7.9646,12.6008,0.1264,17.6,5.25,0.4257,-12747.06
Private,KOTAK MAHINDRA BANK LTD.,2005,132.43,1.56,66.02,15.75,2099,3.77,4.7028,40.3455,61.68,11.6222,8.7815,44.62,7.9234,10.3661,0.7301,13.69,6.0,0.4562,-18022.68
Private,KOTAK MAHINDRA BANK LTD.,2006,218.07,1.39,64.53,37.49,3597,4.25,4.1903,39.6859,62.388,8.4968,9.2277,44.62,8.0607,9.8025,0.6505,13.58,6.5,0.6703,-18690.09
Private,KOTAK MAHINDRA BANK LTD.,2007,318.65,0.94,55.23,123.1,5437,5.8,2.8337,31.0863,54.8523,8.3449,9.8992,67.15,7.6608,9.8621,0.4399,14.29,7.0,0.4527,-17525.55
Private,KOTAK MAHINDRA BANK LTD.,2008,463.46,1.1,58.01,143.69,9058,6.37,3.316,23.4136,54.9308,12.6931,10.251,35.18,3.0867,10.5385,0.5148,15.7,7.0,0.5711,-16952.73
Private,KOTAK MAHINDRA BANK LTD.,2009,273.63,1.03,54.49,253.25,8227,8.35,3.105,12.7724,57.9041,13.6025,10.2651,1.4,7.8619,11.4597,0.4821,15.82,5.0,0.9666,-20632.22
Private,KOTAK MAHINDRA BANK LTD.,2010,628.24,1.72,63.81,465.29,8804,10.88,5.1851,23.3159,55.4944,12.127,10.5304,16.01,8.4976,11.0076,0.805,15.38,4.25,0.4341,-15141.55
Private,KOTAK MAHINDRA BANK LTD.,2011,780.53,1.77,57.54,100.74,10400,11.99,5.3358,22.8428,57.6773,13.4382,10.8366,30.62,5.2413,11.0845,1.0671,14.93,6.5,0.4473,-15555.46
Private,KOTAK MAHINDRA BANK LTD.,2012,977.35,1.83,58.68,48.75,12540,8.86,5.5167,18.3618,59.5114,12.1534,11.0924,25.57,5.4564,10.6839,1.1032,14.18,8.5,0.4127,-13817.67
Private,KOTAK MAHINDRA BANK LTD.,2013,1160.66,1.81,60.97,163.41,12898,9.31,5.4564,16.5965,57.9124,11.3085,11.3349,24.26,6.3861,10.2952,1.0912,13.88,7.9,0.4499,-13499.63
Private,KOTAK MAHINDRA BANK LTD.,2014,1399.71,1.8,67.45,132.64,16086,11.06,5.4263,18.3587,60.544,14.0247,11.3804,4.54,7.4102,10.4409,1.0851,13.34,7.75,0.423,-13558.83
Private,KOTAK MAHINDRA BANK LTD.,2015,2028.45,1.98,70.61,193.54,18335,6.65,5.9689,23.8821,62.4087,13.342,11.5713,19.09,7.9962,10.4283,1.1937,13.0,8.0,0.4173,-13665.35
Private,KOTAK MAHINDRA BANK LTD.,2016,2612.23,1.19,72.11,706.45,31410,4.91,3.5874,19.3142,61.7213,12.4636,12.1666,59.53,8.2563,10.3085,0.4699,12.8,6.75,0.4954,-15047.15
Private,KOTAK MAHINDRA BANK LTD.,2017,3477.16,1.73,73.36,614.41,33013,4.95,5.2152,22.3502,63.415,12.8701,12.2765,10.99,6.7954,10.7672,0.6831,12.53,6.25,0.4228,-13440.75
Private,KOTAK MAHINDRA BANK LTD.,2018,4052.21,1.73,72.71,624.81,35717,3.33,5.2152,23.3221,64.0606,14.1484,12.4872,21.08,6.533,10.7885,0.6831,12.2,6.0,0.5016,-13461.64
Private,KOTAK MAHINDRA BANK LTD.,2019,4657.18,1.69,72.36,844.15,41626,3.95,5.0947,22.1428,65.8915,13.7426,12.6513,16.41,4.0416,11.228,0.6673,13.21,6.5,0.579,-13391.25
Private,KOTAK MAHINDRA BANK LTD.,2020,5372.11,1.87,72.95,1405.55,49726,3.72,5.6373,22.908,60.9985,13.6066,12.7946,14.32,-7.9646,12.6008,0.7384,17.6,5.25,0.5246,-13710.75
Private,LAKSHMI VILAS BANK,2005,38.32,0.08,86.25,20.58,1928,3.77,0.0709,15.5614,57.1797,5.674,8.3073,19.36,7.9234,10.3661,0.0374,13.69,6.0,0.7176,-14905.51
Private,LAKSHMI VILAS BANK,2006,34.94,0.53,88.15,40.32,1873,4.25,0.4695,13.6229,60.0242,5.9164,8.5009,19.36,8.0607,9.8025,0.248,13.58,6.5,1.3732,-15952.22
Private,LAKSHMI VILAS BANK,2007,56.72,0.33,86.15,60.06,1926,5.8,0.2924,15.2162,62.0017,6.7978,8.6702,16.93,7.6608,9.8621,0.1544,14.29,7.0,0.4891,-12820.78
Private,LAKSHMI VILAS BANK,2008,82.48,0.41,86.17,79.79,2078,6.37,0.3632,17.4712,59.1784,6.4055,8.7827,11.25,3.0867,10.5385,0.1919,15.7,7.0,0.261,-11795.15
Private,LAKSHMI VILAS BANK,2009,106.99,0.71,88.6,99.53,2433,8.35,0.629,17.4561,63.0288,5.4615,9.0249,24.22,7.8619,11.4597,0.3323,15.82,5.0,0.291,-11815.52
Private,LAKSHMI VILAS BANK,2010,103.56,0.33,86.55,119.27,2655,10.88,0.2924,12.5315,59.864,7.0473,9.2578,23.29,8.4976,11.0076,0.1544,15.38,4.25,0.3702,-12263.49
Private,LAKSHMI VILAS BANK,2011,137.02,0.91,83.82,56.64,2626,11.99,0.8062,14.0721,60.8549,6.7094,9.4956,23.78,5.2413,11.0845,0.5486,14.93,6.5,0.3963,-12156.67
Private,LAKSHMI VILAS BANK,2012,157.93,0.73,87.32,45.43,3054,8.86,0.6467,11.4155,63.0376,5.9295,9.6905,19.49,5.4564,10.6839,0.4401,14.18,8.5,0.4082,-12188.69
Private,LAKSHMI VILAS BANK,2013,197.07,0.54,88.41,64.52,3149,9.31,0.4784,12.1671,66.2422,5.7415,9.7794,8.9,6.3861,10.2952,0.3255,13.88,7.9,0.3538,-11961.87
Private,LAKSHMI VILAS BANK,2014,203.59,0.32,89.93,178.32,3082,11.06,0.2835,11.2671,62.4081,5.1014,9.9356,15.62,7.4102,10.4409,0.1929,13.34,7.75,0.3583,-12181.14
Private,LAKSHMI VILAS BANK,2015,284.03,0.61,88.9,109.72,3459,6.65,0.5404,13.8128,66.1879,6.2988,10.1148,17.92,7.9962,10.4283,0.3677,13.0,8.0,0.3291,-11788.21
Private,LAKSHMI VILAS BANK,2016,304.53,0.69,88.7,176.76,3565,4.91,0.6113,13.0693,68.5156,6.1512,10.2636,14.88,8.2563,10.3085,0.2724,12.8,6.75,0.3496,-12318.65
Private,LAKSHMI VILAS BANK,2017,502.77,0.83,86.69,235.49,4043,4.95,0.7353,18.6345,67.3261,6.0614,10.4701,20.64,6.7954,10.7672,0.3277,12.53,6.25,0.375,-11478.11
Private,LAKSHMI VILAS BANK,2018,346.81,-1.57,82.39,1302.13,4623,3.33,-1.3909,13.3061,63.7366,5.7574,10.6073,0.24,6.533,10.7885,-0.6199,12.2,6.0,0.3427,-13794.51
Private,LAKSHMI VILAS BANK,2019,250.32,-2.32,88.6,878.57,4557,3.95,-2.0553,11.0381,60.8339,5.7271,10.4057,-20.16,4.0416,11.228,-0.9161,13.21,6.5,0.5372,-15802.69
Private,LAKSHMI VILAS BANK,2020,351.34,-2.61,87.8,1002.08,4273,3.72,-2.3122,19.9228,56.6217,5.0358,10.1032,-30.24,-7.9646,12.6008,-1.0306,17.6,5.25,0.3478,-16053.57
Private,LORD KRISHNA BANK,2005,1.15,0.17,86.87,4.49,1163,3.77,0.3163,0.8376,55.3592,7.261,7.8261,3.69,7.9234,10.3661,0.0796,13.69,6.0,1.5571,-20185.22
Private,LORD KRISHNA BANK,2006,15.79,0.17,87.67,4.49,1163,4.25,0.3163,12.0811,54.6623,7.0337,7.863,3.69,8.0607,9.8025,0.0796,13.58,6.5,1.5571,-19977.01
Private,LORD KRISHNA BANK,2007,15.27,-0.59,85.68,4.49,1163,5.8,-1.0979,10.3729,46.5721,8.3657,7.6896,-17.34,7.6608,9.8621,-0.2761,14.29,7.0,2.1901,-16595.31
Private,NAINITAL BANK,2005,9.41,1.25,88.87,0.05,614,3.77,1.9167,16.3396,34.5868,7.2324,6.9567,22.98,7.9234,10.3661,0.585,13.69,6.0,0.4109,-16576.63
Private,NAINITAL BANK,2006,12.75,1.06,85.14,0.51,624,4.25,1.6253,18.7032,45.6683,8.531,7.1865,22.98,8.0607,9.8025,0.4961,13.58,6.5,0.398,-18593.82
Private,NAINITAL BANK,2007,4.56,1.26,86.74,0.97,662,5.8,1.932,4.8593,46.5749,7.3137,7.4425,25.61,7.6608,9.8621,0.5897,14.29,7.0,0.8184,-17244.98
Private,NAINITAL BANK,2008,7.54,1.51,86.93,1.43,667,6.37,2.3153,5.2368,48.3141,7.0728,7.63,18.75,3.0867,10.5385,0.7067,15.7,7.0,1.2389,-13753.38
Private,NAINITAL BANK,2009,10.38,1.68,87.62,1.88,650,8.35,2.576,5.7494,46.386,7.1875,7.7994,16.94,7.8619,11.4597,0.7863,15.82,5.0,0.4763,-13447.43
Private,NAINITAL BANK,2010,16.38,1.72,87.15,2.34,692,10.88,2.6373,8.3708,44.7816,8.3344,7.9645,16.51,8.4976,11.0076,0.805,15.38,4.25,0.4585,-13182.41
Private,NAINITAL BANK,2011,11.34,1.56,85.81,2.8,816,11.99,2.392,5.3445,50.9828,9.8112,8.0993,13.47,5.2413,11.0845,0.9405,14.93,6.5,0.7168,-14671.1
Private,NAINITAL BANK,2012,22.37,1.75,87.81,3.26,851,8.86,2.6833,7.6615,48.3623,9.2644,8.284,18.48,5.4564,10.6839,1.055,14.18,8.5,0.4045,-13767.82
Private,NAINITAL BANK,2013,30.26,1.3,86.23,24.72,830,9.31,1.9933,8.8245,49.9107,9.2784,8.3706,8.65,6.3861,10.2952,0.7837,13.88,7.9,0.4288,-13192.33
Private,NAINITAL BANK,2014,25.95,1.48,87.03,17.7,843,11.06,2.2693,7.0983,45.6153,8.3345,8.5835,21.29,7.4102,10.4409,0.8922,13.34,7.75,0.433,-14050.67
Private,NAINITAL BANK,2015,49.2,1.26,89.4,10.67,751,6.65,1.932,11.1031,42.7715,8.2751,8.6958,11.24,7.9962,10.4283,0.7596,13.0,8.0,0.4558,-13242.23
Private,NAINITAL BANK,2016,28.94,0.8,87.28,11.82,718,4.91,1.2267,6.5363,44.1471,8.6359,8.7135,1.77,8.2563,10.3085,0.3159,12.8,6.75,0.4435,-14703.52
Private,NAINITAL BANK,2017,52.44,0.73,89.0,29.52,719,4.95,1.1193,10.8287,41.6666,7.6556,8.9489,23.55,6.7954,10.7672,0.2882,12.53,6.25,0.472,-13471.69
Private,NAINITAL BANK,2018,35.47,0.63,90.35,17.3,923,3.33,0.966,6.9673,41.4548,7.6597,9.0014,11.7,6.533,10.7885,0.2488,12.2,6.0,0.4349,-14749.98
Private,NAINITAL BANK,2019,29.09,0.34,89.93,53.9,805,3.95,0.5213,5.4355,43.3949,7.9462,8.9998,-0.16,4.0416,11.228,0.1342,13.21,6.5,0.6208,-14925.23
Private,NAINITAL BANK,2020,40.67,-0.79,90.98,160.18,861,3.72,-1.2113,7.1949,45.3651,6.899,9.0408,4.09,-7.9646,12.6008,-0.3119,17.6,5.25,0.4583,-14822.87
Private,RBL BANK LTD.,2005,5.0,-1.17,90.11,3.48,545,3.77,-1.6631,10.3541,48.7181,5.1966,6.7683,-26.47,7.9234,10.3661,-0.5476,13.69,6.0,0.3694,-18526.58
Private,RBL BANK LTD.,2006,6.37,0.07,89.35,5.21,544,4.25,0.0995,11.9737,50.1656,5.5385,6.8859,11.77,8.0607,9.8025,0.0328,13.58,6.5,0.3276,-17574.31
Private,RBL BANK LTD.,2007,4.64,0.31,76.43,1.43,553,5.8,0.4406,9.5062,46.2678,17.3761,7.0446,15.86,7.6608,9.8621,0.1451,14.29,7.0,0.4491,-24531.85
Private,RBL BANK LTD.,2008,8.73,1.31,74.67,3.76,544,6.37,1.8621,10.1206,39.7245,21.9045,7.2962,25.16,3.0867,10.5385,0.6131,15.7,7.0,0.3628,-15568.87
Private,RBL BANK LTD.,2009,15.66,1.96,76.57,-2.9,566,8.35,2.786,13.0196,46.9323,19.9912,7.4425,14.63,7.8619,11.4597,0.9173,15.82,5.0,0.3412,-13307.22
Private,RBL BANK LTD.,2010,13.22,1.05,75.99,4.55,707,10.88,1.4925,11.1392,56.116,16.9234,7.6429,20.04,8.4976,11.0076,0.4914,15.38,4.25,0.4625,-14879.97
Private,RBL BANK LTD.,2011,18.58,0.53,63.23,-1.72,907,11.99,0.7534,16.4004,58.9892,33.5939,8.0801,50.14,5.2413,11.0845,0.3195,14.93,6.5,0.6307,-28155.7
Private,RBL BANK LTD.,2012,67.13,1.38,65.78,10.07,1328,8.86,1.9616,17.0762,57.3502,15.8659,8.8826,80.24,5.4564,10.6839,0.8319,14.18,8.5,0.6348,-14286.63
Private,RBL BANK LTD.,2013,126.44,1.06,64.34,12.14,1859,9.31,1.5067,16.2423,49.1864,12.3946,9.4699,58.73,6.3861,10.2952,0.639,13.88,7.9,0.3911,-13021.95
Private,RBL BANK LTD.,2014,260.97,0.67,63.74,30.11,2798,11.06,0.9523,21.9546,54.0443,10.3596,9.8091,33.92,7.4102,10.4409,0.4039,13.34,7.75,0.407,-13410.43
Private,RBL BANK LTD.,2015,403.41,1.02,63.09,37.44,3465,6.65,1.4498,22.9622,53.3112,8.229,10.2075,39.84,7.9962,10.4283,0.6149,13.0,8.0,0.4683,-12885.17
Private,RBL BANK LTD.,2016,490.54,0.99,62.18,81.59,3871,4.91,1.4072,19.88,54.2096,7.6332,10.5754,36.8,8.2563,10.3085,0.3909,12.8,6.75,0.5334,-12763.61
Private,RBL BANK LTD.,2017,755.46,1.08,71.06,162.18,4902,4.95,1.5351,22.1398,60.5016,8.9072,10.7929,21.75,6.7954,10.7672,0.4264,12.53,6.25,0.4752,-12330.78
Private,RBL BANK LTD.,2018,1068.19,1.22,70.98,243.48,5300,3.33,1.7341,26.2303,65.1048,10.8066,11.0325,23.96,6.533,10.7885,0.4817,12.2,6.0,0.5026,-12938.68
Private,RBL BANK LTD.,2019,1442.37,1.3,72.67,492.09,5843,3.95,1.8478,25.3,67.5822,9.392,11.2943,26.18,4.0416,11.228,0.5133,13.21,6.5,0.6694,-12853.37
Private,RBL BANK LTD.,2020,1910.25,0.6,64.97,1916.53,7221,3.72,0.8529,25.0152,65.2062,11.8939,11.3961,10.19,-7.9646,12.6008,0.2369,17.6,5.25,0.6511,-13056.5
Private,SANGLI BANK,2005,8.83,-1.52,93.92,4.79,1923,3.77,-0.1393,9.5625,38.4195,4.0349,7.656,1.76,7.9234,10.3661,-0.7114,13.69,6.0,0.3618,-22112.18
Private,SANGLI BANK,2006,0.28,-1.37,93.18,6.97,1843,4.25,-0.1255,0.3883,41.299,3.8292,7.6736,1.76,8.0607,9.8025,-0.6412,13.58,6.5,0.4472,-33022.16
Private,SANGLI BANK,2007,6.83,-20.35,75.51,16.92,1755,5.8,-1.8644,21.6208,11.679,8.107,7.4707,-20.29,7.6608,9.8621,-9.5241,14.29,7.0,0.5327,-33022.16
Private,SBI COMMERCIAL & INTERNATIONAL BANK LTD,2005,9.26,-2.1,69.5,15.1,103,3.77,-1.5947,33.7464,48.3803,18.5282,6.1674,-0.23,7.9234,10.3661,-0.9828,13.69,6.0,0.7271,-10005.64
Private,SBI COMMERCIAL & INTERNATIONAL BANK LTD,2006,10.44,1.09,71.47,8.08,101,4.25,0.8277,26.7692,47.9579,17.7902,6.2712,10.38,8.0607,9.8025,0.5101,13.58,6.5,0.8013,-9340.76
Private,SBI COMMERCIAL & INTERNATIONAL BANK LTD,2007,3.87,1.13,73.07,-4.35,90,5.8,0.8581,13.6172,49.2182,15.2284,6.5038,23.26,7.6608,9.8621,0.5289,14.29,7.0,1.7579,-14437.86
Private,SBI COMMERCIAL & INTERNATIONAL BANK LTD,2008,13.79,1.93,78.41,-1.41,93,6.37,1.4656,28.5922,53.8468,17.2034,6.5009,-0.29,3.0867,10.5385,0.9033,15.7,7.0,0.4158,-9007.46
Private,SBI COMMERCIAL & INTERNATIONAL BANK LTD,2009,3.08,1.52,80.53,-0.07,84,8.35,1.1542,6.4747,42.5823,17.1975,6.5934,9.25,7.8619,11.4597,0.7114,15.82,5.0,0.5701,-12955.67
Private,SBI COMMERCIAL & INTERNATIONAL BANK LTD,2010,5.84,0.49,76.59,-0.59,71,10.88,0.3721,16.1818,31.96,20.0611,6.4642,6.42,8.4976,11.0076,0.2293,15.38,4.25,0.5865,-12674.35
Private,SBI COMMERCIAL & INTERNATIONAL BANK LTD,2011,5.37,0.63,77.16,-0.01,72,11.99,0.4784,17.1456,40.5508,19.9853,6.5001,3.6,5.2413,11.0845,0.3798,14.93,6.5,0.5249,-13755.49
Private,SOUTH INDIAN BANK,2005,102.38,0.09,89.6,39.54,3588,3.77,0.2423,16.3992,56.6104,4.8035,9.1567,13.32,7.9234,10.3661,0.0421,13.69,6.0,0.3326,-13165.44
Private,SOUTH INDIAN BANK,2006,72.27,0.53,88.47,71.87,3709,4.25,1.4267,11.8957,58.8342,5.9188,9.2898,13.32,8.0607,9.8025,0.248,13.58,6.5,0.5704,-15844.1
Private,SOUTH INDIAN BANK,2007,103.15,0.88,89.65,83.29,3868,5.8,2.3689,11.9815,58.003,5.3027,9.5217,23.18,7.6608,9.8621,0.4119,14.29,7.0,0.4455,-13011.02
Private,SOUTH INDIAN BANK,2008,142.58,1.01,88.68,12.91,4223,6.37,2.7188,12.0245,61.1691,6.7934,9.7462,22.46,3.0867,10.5385,0.4727,15.7,7.0,0.3233,-12001.85
Private,SOUTH INDIAN BANK,2009,164.27,1.09,88.78,21.95,4523,8.35,2.9342,10.7879,58.1367,6.3986,9.9223,17.6,7.8619,11.4597,0.5101,15.82,5.0,0.309,-12388.33
Private,SOUTH INDIAN BANK,2010,208.46,1.07,90.12,37.12,4860,10.88,2.8803,11.7244,61.968,5.8169,10.1478,22.55,8.4976,11.0076,0.5008,15.38,4.25,0.3177,-11989.28
Private,SOUTH INDIAN BANK,2011,196.69,1.05,90.56,28.0,5619,11.99,2.8265,9.0217,62.4272,5.6285,10.3988,25.1,5.2413,11.0845,0.633,14.93,6.5,0.3605,-12667.77
Private,SOUTH INDIAN BANK,2012,247.07,1.12,90.41,20.35,5630,8.86,3.0149,7.6892,67.5767,5.3762,10.6058,20.7,5.4564,10.6839,0.6752,14.18,8.5,0.3899,-12495.32
Private,SOUTH INDIAN BANK,2013,334.93,1.17,88.89,131.9,6087,9.31,3.1495,8.369,63.893,6.0372,10.8157,20.98,6.3861,10.2952,0.7053,13.88,7.9,0.4346,-12345.78
Private,SOUTH INDIAN BANK,2014,368.46,1.0,86.37,136.92,6794,11.06,2.6919,8.1868,65.8893,6.1295,10.9148,9.92,7.4102,10.4409,0.6029,13.34,7.75,0.4041,-12482.65
Private,SOUTH INDIAN BANK,2015,497.07,0.56,87.81,223.58,7522,6.65,1.5075,10.3513,63.251,6.0758,10.9873,7.24,7.9962,10.4283,0.3376,13.0,8.0,0.3855,-12224.63
Private,SOUTH INDIAN BANK,2016,517.42,0.55,87.78,405.3,7491,4.91,1.4806,10.5022,64.7276,6.0584,11.0584,11.5,8.2563,10.3085,0.2172,12.8,6.75,0.3882,-12832.19
Private,SOUTH INDIAN BANK,2017,715.56,0.57,88.97,657.96,7677,4.95,1.5344,13.285,62.4252,6.5245,11.216,15.76,6.7954,10.7672,0.2251,12.53,6.25,0.3925,-11959.87
Private,SOUTH INDIAN BANK,2018,837.24,0.43,87.11,686.32,7946,3.33,1.1575,14.6676,65.9882,6.3411,11.3228,10.68,6.533,10.7885,0.1698,12.2,6.0,0.5103,-11984.65
Private,SOUTH INDIAN BANK,2019,726.21,0.29,87.15,687.72,8201,3.95,0.7807,11.9133,67.9392,5.7836,11.4326,10.98,4.0416,11.228,0.1145,13.21,6.5,0.5249,-12866.46
Private,SOUTH INDIAN BANK,2020,1045.75,0.11,85.57,1030.88,8344,3.72,0.2961,14.7456,66.4099,5.6448,11.4828,5.02,-7.9646,12.6008,0.0434,17.6,5.25,0.428,-12200.93
Private,TAMILNAD MERCANTILE BANK LTD.,2005,67.95,1.52,85.94,26.0,0,3.77,3.7507,14.9088,46.7568,9.9494,8.6335,8.3,7.9234,10.3661,0.7114,13.69,6.0,0.3297,-12875.49
Private,TAMILNAD MERCANTILE BANK LTD.,2006,78.02,1.67,85.25,11.5,0,4.25,4.1208,15.7096,51.2294,10.7622,8.7165,8.3,8.0607,9.8025,0.7816,13.58,6.5,0.3269,-12435.26
Private,TAMILNAD MERCANTILE BANK LTD.,2007,82.85,1.57,84.94,30.19,0,5.8,3.8741,14.4489,57.1012,10.712,8.866,14.95,7.6608,9.8621,0.7348,14.29,7.0,0.4174,-12587.53
Private,TAMILNAD MERCANTILE BANK LTD.,2008,130.7,1.58,86.52,20.71,0,6.37,3.8988,18.0724,60.1401,9.682,9.0898,22.38,3.0867,10.5385,0.7395,15.7,7.0,0.377,-11398.29
Private,TAMILNAD MERCANTILE BANK LTD.,2009,135.84,1.51,85.08,20.59,0,8.35,3.726,14.9488,58.4486,8.792,9.3275,23.77,7.8619,11.4597,0.7067,15.82,5.0,0.3675,-11785.76
Private,TAMILNAD MERCANTILE BANK LTD.,2010,172.8,1.54,85.67,17.16,0,10.88,3.8001,16.3057,61.0032,8.4515,9.5168,18.92,8.4976,11.0076,0.7207,15.38,4.25,0.415,-11402.57
Private,TAMILNAD MERCANTILE BANK LTD.,2011,188.34,1.74,85.58,28.94,0,11.99,4.2936,14.9315,66.7522,8.4755,9.6876,17.09,5.2413,11.0845,1.049,14.93,6.5,0.4196,-12036.64
Private,TAMILNAD MERCANTILE BANK LTD.,2012,231.66,1.75,84.25,47.76,0,8.86,4.3182,13.1251,67.8454,8.0497,9.9188,23.12,5.4564,10.6839,1.055,14.18,8.5,0.4112,-11545.58
Private,TAMILNAD MERCANTILE BANK LTD.,2013,248.72,2.0,85.39,38.15,0,9.31,4.9351,10.8113,68.6361,8.5376,10.0726,15.37,6.3861,10.2952,1.2057,13.88,7.9,0.4138,-11646.62
Private,TAMILNAD MERCANTILE BANK LTD.,2014,220.13,1.19,85.78,139.73,0,11.06,2.9364,9.0457,64.9432,8.5975,10.1811,13.66,7.4102,10.4409,0.7174,13.34,7.75,0.3641,-12414.98
Private,TAMILNAD MERCANTILE BANK LTD.,2015,291.88,1.38,86.22,17.76,0,6.65,3.4052,11.4039,64.996,8.7205,10.3006,11.95,7.9962,10.4283,0.8319,13.0,8.0,0.3193,-12402.55
Private,TAMILNAD MERCANTILE BANK LTD.,2016,318.5,1.23,86.11,130.33,0,4.91,3.0351,10.8566,64.0206,8.3413,10.4707,17.01,8.2563,10.3085,0.4857,12.8,6.75,0.353,-12405.74
Private,TAMILNAD MERCANTILE BANK LTD.,2017,430.51,0.86,87.04,290.37,0,4.95,2.1221,13.861,59.4097,8.7173,10.5182,4.76,6.7954,10.7672,0.3396,12.53,6.25,0.3122,-12040.77
Private,TAMILNAD MERCANTILE BANK LTD.,2018,506.12,0.59,85.52,683.09,0,3.33,1.4559,16.6117,62.6813,8.9789,10.5432,2.5,6.533,10.7885,0.233,12.2,6.0,0.4326,-11657.02
Private,TAMILNAD MERCANTILE BANK LTD.,2019,414.34,0.68,86.69,440.86,0,3.95,1.6779,14.394,65.3494,8.9267,10.6099,6.66,4.0416,11.228,0.2685,13.21,6.5,0.4269,-12753.78
Private,TAMILNAD MERCANTILE BANK LTD.,2020,526.42,0.99,86.12,359.63,0,3.72,2.4429,16.7563,64.8188,9.3072,10.6633,5.35,-7.9646,12.6008,0.3909,17.6,5.25,0.3911,-12452.21
Private,YES BANK LTD.,2005,18.17,-0.29,51.87,2.44,0,3.77,-0.1602,221.5854,59.5367,16.9774,7.1532,-130.73,7.9234,10.3661,-0.1357,13.69,6.0,0.3559,-11219.6
Private,YES BANK LTD.,2006,97.12,2.13,69.92,2.44,0,4.25,1.1766,47.6546,57.8273,13.7582,8.3339,118.07,8.0607,9.8025,0.9969,13.58,6.5,0.4344,-11219.6
Private,YES BANK LTD.,2007,194.57,1.44,74.03,2.44,0,5.8,0.7954,33.0519,56.6466,7.0884,9.315,98.11,7.6608,9.8621,0.6739,14.29,7.0,0.4163,-11055.11
Private,YES BANK LTD.,2008,360.67,1.54,78.16,2.44,0,6.37,0.8507,27.237,55.5296,7.7664,9.7399,42.49,3.0867,10.5385,0.7207,15.7,7.0,0.3966,-10448.5
Private,YES BANK LTD.,2009,436.9,1.59,70.61,57.07,0,8.35,0.8783,21.631,54.1601,7.0924,10.0389,29.9,7.8619,11.4597,0.7441,15.82,5.0,0.3932,-10285.92
Private,YES BANK LTD.,2010,575.53,1.79,73.66,87.6,0,10.88,0.9887,23.5382,60.9994,8.4919,10.5018,46.29,8.4976,11.0076,0.8377,15.38,4.25,0.478,-9945.97
Private,YES BANK LTD.,2011,623.27,1.58,77.85,35.84,0,11.99,0.8727,15.6396,58.2366,6.4299,10.9854,48.36,5.2413,11.0845,0.9525,14.93,6.5,0.9051,-10529.36
Private,YES BANK LTD.,2012,857.12,1.57,66.76,11.57,0,8.86,0.8672,13.7537,51.597,6.3519,11.2068,39.04,5.4564,10.6839,0.9465,14.18,8.5,0.8061,-10431.67
Private,YES BANK LTD.,2013,1257.43,1.57,67.56,145.52,0,9.31,0.8672,15.303,47.4244,5.8602,11.5039,29.72,6.3861,10.2952,0.9465,13.88,7.9,0.7517,-10421.72
Private,YES BANK LTD.,2014,1721.58,1.61,68.06,135.82,0,11.06,0.8893,17.297,51.032,6.5328,11.5992,9.53,7.4102,10.4409,0.9706,13.34,7.75,0.5622,-10355.11
Private,YES BANK LTD.,2015,2046.46,1.71,66.96,130.01,0,6.65,0.9446,18.0563,55.4818,8.5775,11.8217,22.24,7.9962,10.4283,1.0309,13.0,8.0,0.9387,-10749.88
Private,YES BANK LTD.,2016,2712.15,1.78,67.6,497.9,0,4.91,0.9832,20.4394,59.4263,8.3422,12.0153,19.36,8.2563,10.3085,0.7028,12.8,6.75,0.8314,-10818.98
Private,YES BANK LTD.,2017,4156.76,1.81,66.43,663.44,0,4.95,0.9998,25.2462,61.5004,10.2548,12.2787,26.34,6.7954,10.7672,0.7147,12.53,6.25,0.6029,-10587.58
Private,YES BANK LTD.,2018,5223.83,1.78,64.25,1078.83,0,3.33,0.9832,25.7605,65.1422,8.2441,12.6522,37.35,6.533,10.7885,0.7028,12.2,6.0,0.6434,-10651.7
Private,YES BANK LTD.,2019,4590.15,0.52,59.77,2566.95,0,3.95,0.2872,16.4224,63.4146,7.0647,12.8501,19.79,4.0416,11.228,0.2053,13.21,6.5,0.6444,-11502.49
Private,YES BANK LTD.,2020,11856.5,-5.39,40.87,27806.0,0,3.72,-2.9773,38.009,66.4955,8.4267,12.46,-39.01,-7.9646,12.6008,-2.1283,17.6,5.25,0.5827,-8426.49
Public,ALLAHABAD BANK,2005,639.88,1.33,90.29,40.0,18917,3.77,0.8988,23.2232,46.8509,5.156,10.7176,20.27,7.9234,10.3661,0.6225,13.69,6.0,0.3923,-13905.16
Public,ALLAHABAD BANK,2006,482.45,1.42,87.72,76.8,19134,4.25,0.9597,15.0112,52.7161,6.5806,10.9204,20.27,8.0607,9.8025,0.6646,13.58,6.5,0.5131,-13963.84
Public,ALLAHABAD BANK,2007,376.4,1.26,88.0,90.0,20379,5.8,0.8515,8.892,61.0224,6.6163,11.1223,20.19,7.6608,9.8621,0.5897,14.29,7.0,0.8941,-13389.47
Public,ALLAHABAD BANK,2008,964.76,1.32,86.35,268.55,20079,6.37,0.8921,16.1374,59.948,6.295,11.3259,20.36,3.0867,10.5385,0.6178,15.7,7.0,0.4034,-10914.91
Public,ALLAHABAD BANK,2009,1141.92,0.9,87.02,313.23,20457,8.35,0.6082,16.0671,60.2181,5.9929,11.4891,16.33,7.8619,11.4597,0.4212,15.82,5.0,0.5505,-10994.95
Public,ALLAHABAD BANK,2010,1515.9,1.16,87.15,830.21,20959,10.88,0.7839,18.3362,58.8376,5.5489,11.7093,22.02,8.4976,11.0076,0.5429,15.38,4.25,0.4786,-10583.32
Public,ALLAHABAD BANK,2011,1370.41,1.11,87.18,800.0,21227,11.99,0.7502,13.6403,61.8859,5.6234,11.9269,21.76,5.2413,11.0845,0.6692,14.93,6.5,0.4103,-12204.63
Public,ALLAHABAD BANK,2012,1298.68,1.02,87.24,1183.46,22334,8.86,0.6893,9.1906,60.7568,5.7434,12.1169,19.0,5.4564,10.6839,0.6149,14.18,8.5,0.4653,-12151.81
Public,ALLAHABAD BANK,2013,1476.91,0.64,87.46,1481.22,22557,9.31,0.4325,9.257,63.3594,5.5548,12.2277,11.08,6.3861,10.2952,0.3858,13.88,7.9,0.3667,-12027.65
Public,ALLAHABAD BANK,2014,2165.75,0.57,86.58,2030.81,24569,11.06,0.3852,12.4071,62.6067,5.3534,12.3034,7.57,7.4102,10.4409,0.3436,13.34,7.75,0.3358,-11686.67
Public,ALLAHABAD BANK,2015,1996.01,0.29,85.17,2004.29,24231,6.65,0.196,11.0902,65.997,5.5671,12.3331,2.98,7.9962,10.4283,0.1748,13.0,8.0,0.3466,-12122.41
Public,ALLAHABAD BANK,2016,1910.13,-0.33,83.66,5973.05,24137,4.91,-0.223,11.1571,63.5346,5.8643,12.3877,5.45,8.2563,10.3085,-0.1303,12.8,6.75,0.3647,-12291.11
Public,ALLAHABAD BANK,2017,2644.33,-0.13,85.16,4552.37,23944,4.95,-0.0879,16.2827,63.5986,6.0313,12.376,-1.17,6.7954,10.7672,-0.0513,12.53,6.25,0.3003,-12089.68
Public,ALLAHABAD BANK,2018,2692.56,-1.96,84.52,10326.5,23967,3.33,-1.3246,17.8736,60.171,4.0632,12.44,6.4,6.533,10.7885,-0.7739,12.2,6.0,0.3044,-12110.29
Public,ALLAHABAD BANK,2019,1700.2,-3.48,86.22,11761.1,23210,3.95,-2.3518,12.0406,57.2108,3.6731,12.4235,-1.65,4.0416,11.228,-1.3741,13.21,6.5,0.6842,-14407.8
Public,ALLAHABAD BANK,2020,2456.69,-2.22,88.61,7468.0,23356,3.72,-1.5003,16.8693,55.4122,4.908,12.4607,3.72,-7.9646,12.6008,-0.8766,17.6,5.25,0.357,-13790.28
Public,ANDHRA BANK,2005,753.35,1.59,84.18,12.4,13108,3.77,1.6966,34.1524,53.5214,5.6128,10.396,137.83,7.9234,10.3661,0.7441,13.69,6.0,0.3681,-11867.36
Public,ANDHRA BANK,2006,391.55,1.38,83.41,40.0,14028,4.25,1.4726,17.7273,54.3418,7.1158,10.6132,76.72,8.0607,9.8025,0.6459,13.58,6.5,0.5002,-14982.15
Public,ANDHRA BANK,2007,446.89,1.31,87.2,92.59,12981,5.8,1.3979,15.7966,58.6632,6.6391,10.7694,15.61,7.6608,9.8621,0.6131,14.29,7.0,0.5338,-13981.94
Public,ANDHRA BANK,2008,626.47,1.16,87.36,98.66,13387,6.37,1.2378,15.9531,60.5,5.7416,10.9436,17.43,3.0867,10.5385,0.5429,15.7,7.0,0.3091,-11744.69
Public,ANDHRA BANK,2009,765.38,1.09,86.74,170.13,14255,8.35,1.1631,15.199,64.4658,5.3265,11.1341,19.05,7.8619,11.4597,0.5101,15.82,5.0,0.3031,-11621.19
Public,ANDHRA BANK,2010,964.62,1.39,85.99,305.21,14292,10.88,1.4832,16.1094,62.112,4.8815,11.4114,27.72,8.4976,11.0076,0.6505,15.38,4.25,0.3139,-11585.48
Public,ANDHRA BANK,2011,896.96,1.36,84.62,468.22,14098,11.99,1.4512,11.986,65.5968,5.9618,11.5982,18.68,5.2413,11.0845,0.8199,14.93,6.5,0.3286,-12418.44
Public,ANDHRA BANK,2012,859.93,1.19,84.99,481.68,15099,8.86,1.2698,8.273,66.8214,6.0054,11.7324,13.42,5.4564,10.6839,0.7174,14.18,8.5,0.3494,-11966.96
Public,ANDHRA BANK,2013,1047.42,0.99,84.62,615.12,16523,9.31,1.0564,8.7871,67.2413,5.7698,11.8934,16.1,6.3861,10.2952,0.5968,13.88,7.9,0.3312,-11805.88
Public,ANDHRA BANK,2014,1332.84,0.29,84.76,1477.17,20276,11.06,0.3095,10.0061,64.3263,5.2213,12.0278,13.44,7.4102,10.4409,0.1748,13.34,7.75,0.3169,-11620.03
Public,ANDHRA BANK,2015,1499.84,0.38,83.71,1732.98,19799,6.65,0.4055,9.9137,68.021,5.435,12.129,10.12,7.9962,10.4283,0.2291,13.0,8.0,0.2873,-11803.11
Public,ANDHRA BANK,2016,1564.47,0.28,87.17,3100.01,20016,4.91,0.2988,9.6135,65.4065,5.4982,12.2059,7.68,8.2563,10.3085,0.1106,12.8,6.75,0.3503,-11833.96
Public,ANDHRA BANK,2017,2308.31,0.08,87.6,3834.04,19380,4.95,0.0854,13.6718,61.3387,5.0949,12.3154,10.95,6.7954,10.7672,0.0316,12.53,6.25,0.3177,-11586.59
Public,ANDHRA BANK,2018,2372.06,-1.46,85.92,10102.9,19921,3.33,-1.5579,13.9526,61.5532,4.4672,12.3974,8.2,6.533,10.7885,-0.5765,12.2,6.0,0.3544,-11371.99
Public,ANDHRA BANK,2019,2045.04,-1.09,88.17,6674.26,20346,3.95,-1.1631,11.8573,63.7045,5.2806,12.4265,2.91,4.0416,11.228,-0.4304,13.21,6.5,0.5153,-12189.14
Public,ANDHRA BANK,2020,2742.94,-0.5,87.18,5456.39,20364,3.72,-0.5335,15.3339,64.6827,5.0141,12.4044,-2.21,-7.9646,12.6008,-0.1974,17.6,5.25,0.3477,-12466.44
Public,BANK OF BARODA,2005,1304.83,0.75,85.92,429.39,39529,3.77,1.251,22.6767,45.8466,5.945,11.4581,18.05,7.9234,10.3661,0.351,13.69,6.0,0.2912,-13006.18
Public,BANK OF BARODA,2006,1127.39,0.79,82.6,340.01,38774,4.25,1.3177,19.4626,52.8357,6.9179,11.6386,18.05,8.0607,9.8025,0.3697,13.58,6.5,0.336,-15190.23
Public,BANK OF BARODA,2007,1381.79,0.8,87.26,227.15,38604,5.8,1.3344,17.6214,58.4164,6.0427,11.8716,23.3,7.6608,9.8621,0.3744,14.29,7.0,0.2989,-13494.35
Public,BANK OF BARODA,2008,2051.04,0.89,84.65,435.98,37260,6.37,1.4845,18.9381,59.4107,6.1492,12.0985,22.69,3.0867,10.5385,0.4165,15.7,7.0,0.2715,-12255.85
Public,BANK OF BARODA,2009,2757.66,1.09,84.88,268.6,36440,8.35,1.8181,19.3206,63.1976,5.6821,12.3313,23.28,7.8619,11.4597,0.5101,15.82,5.0,0.2698,-11551.94
Public,BANK OF BARODA,2010,2806.36,1.21,86.69,900.65,38152,10.88,2.0182,17.8816,62.8907,5.4278,12.5365,20.53,8.4976,11.0076,0.5663,15.38,4.25,0.2688,-11639.43
Public,BANK OF BARODA,2011,2809.19,1.33,85.22,1055.47,39385,11.99,2.2184,14.0003,63.8053,5.8716,12.7894,21.34,5.2413,11.0845,0.8018,14.93,6.5,0.2779,-12092.07
Public,BANK OF BARODA,2012,3422.33,1.24,86.04,1568.87,41447,8.86,2.0683,12.25,64.244,6.1425,13.011,22.16,5.4564,10.6839,0.7475,14.18,8.5,0.2695,-11430.75
Public,BANK OF BARODA,2013,3630.62,0.9,86.61,3067.02,43108,9.31,1.5012,11.0418,59.9825,5.8431,13.2124,20.14,6.3861,10.2952,0.5426,13.88,7.9,0.2668,-11579.34
Public,BANK OF BARODA,2014,4462.74,0.75,86.26,2935.16,49617,11.06,1.251,12.3058,60.1976,5.4565,13.3992,18.68,7.4102,10.4409,0.4521,13.34,7.75,0.2632,-11679.67
Public,BANK OF BARODA,2015,4402.0,0.49,86.37,3785.91,49378,6.65,0.8173,11.0906,59.8702,5.5715,13.48,8.08,7.9962,10.4283,0.2954,13.0,8.0,0.2604,-11838.75
Public,BANK OF BARODA,2016,4998.86,-0.78,85.5,14007.7,51837,4.91,-1.301,12.4545,57.1617,5.9875,13.4171,-6.29,8.2563,10.3085,-0.308,12.8,6.75,0.2539,-12205.15
Public,BANK OF BARODA,2017,6758.06,0.2,86.59,8006.95,51633,4.95,0.3336,17.0393,55.1551,5.8001,13.4515,3.44,6.7954,10.7672,0.079,12.53,6.25,0.2754,-11610.3
Public,BANK OF BARODA,2018,6657.15,-0.34,82.13,14379.9,54915,3.33,-0.5671,16.588,59.3656,6.0271,13.487,3.55,6.533,10.7885,-0.1342,12.2,6.0,0.2619,-12103.24
Public,BANK OF BARODA,2019,6294.49,0.06,81.78,12313.4,55431,3.95,0.1001,14.0574,60.029,5.8824,13.5683,8.13,4.0416,11.228,0.0237,13.21,6.5,0.3083,-12551.35
Public,BANK OF BARODA,2020,10317.3,0.06,81.7,16517.1,84817,3.72,0.1001,15.1228,59.6003,6.2057,13.9621,39.38,-7.9646,12.6008,0.0237,17.6,5.25,0.2909,-12631.9
Public,BANK OF INDIA,2005,1155.8,0.38,82.99,351.23,42220,3.77,0.5443,21.9943,58.4649,4.7009,11.4614,16.73,7.9234,10.3661,0.1778,13.69,6.0,0.2815,-13656.5
Public,BANK OF INDIA,2006,1184.38,0.68,83.66,535.61,42206,4.25,0.9741,19.4226,58.0487,4.439,11.6287,16.73,8.0607,9.8025,0.3182,13.58,6.5,0.3219,-13661.92
Public,BANK OF INDIA,2007,1562.95,0.88,84.53,556.89,41511,5.8,1.2606,19.8072,60.0181,4.157,11.8623,23.36,7.6608,9.8621,0.4119,14.29,7.0,0.2949,-13216.71
Public,BANK OF INDIA,2008,2116.93,1.25,83.89,697.25,40557,6.37,1.7906,17.8989,63.4549,5.9215,12.0942,23.28,3.0867,10.5385,0.585,15.7,7.0,0.2852,-11232.27
Public,BANK OF INDIA,2009,3051.86,1.49,84.13,622.69,40155,8.35,2.1344,18.717,63.374,5.9844,12.3261,23.19,7.8619,11.4597,0.6973,15.82,5.0,0.2669,-10401.03
Public,BANK OF INDIA,2010,2616.64,0.7,83.56,1754.25,39676,10.88,1.0027,15.5504,61.2768,5.1752,12.5244,19.83,8.4976,11.0076,0.3276,15.38,4.25,0.2922,-11529.25
Public,BANK OF INDIA,2011,2641.77,0.82,85.11,1054.3,39788,11.99,1.1746,13.67,60.6813,4.9237,12.769,24.46,5.2413,11.0845,0.4943,14.93,6.5,0.3089,-12854.7
Public,BANK OF INDIA,2012,3321.17,0.72,82.75,2025.16,41537,8.86,1.0314,12.3642,64.7101,5.4512,12.8598,9.08,5.4564,10.6839,0.4341,14.18,8.5,0.2933,-11394.05
Public,BANK OF INDIA,2013,3766.04,0.65,84.37,3726.55,42146,9.31,0.9311,12.4114,63.9341,5.2846,13.0228,16.3,6.3861,10.2952,0.3919,13.88,7.9,0.2964,-11211.51
Public,BANK OF INDIA,2014,4291.84,0.51,83.21,3970.35,43150,11.06,0.7306,12.0889,64.679,5.2204,13.259,23.62,7.4102,10.4409,0.3075,13.34,7.75,0.2725,-11547.45
Public,BANK OF INDIA,2015,4197.9,0.27,85.97,5227.43,45301,6.65,0.3868,10.6077,64.9793,5.0827,13.3354,7.64,7.9962,10.4283,0.1628,13.0,8.0,0.2765,-12174.47
Public,BANK OF INDIA,2016,3652.54,0.94,84.11,14101.9,49458,4.91,1.3465,10.1158,58.8918,5.0849,13.3211,-1.43,8.2563,10.3085,0.3712,12.8,6.75,0.2752,-13500.72
Public,BANK OF INDIA,2017,6772.33,-0.24,86.22,11672.0,48129,4.95,-0.3438,18.2065,58.5145,4.9121,13.3476,2.65,6.7954,10.7672,-0.0948,12.53,6.25,0.3263,-11487.74
Public,BANK OF INDIA,2018,5733.76,-0.91,85.45,15095.3,48680,3.33,-1.3035,16.5219,56.003,5.8304,13.3205,-2.71,6.533,10.7885,-0.3593,12.2,6.0,0.246,-12306.77
Public,BANK OF INDIA,2019,4658.89,-0.84,83.31,15769.7,48807,3.95,-1.2033,13.2346,54.5415,6.6666,13.3459,2.53,4.0416,11.228,-0.3317,13.21,6.5,0.3749,-13586.09
Public,BANK OF INDIA,2020,6713.07,-0.43,84.55,14415.4,49767,3.72,-0.616,17.3846,56.147,6.6692,13.3954,4.96,-7.9646,12.6008,-0.1698,17.6,5.25,0.329,-12331.16
Public,BANK OF MAHARASHTRA,2005,385.24,0.54,87.71,95.0,14126,3.77,0.5601,18.9541,39.7193,4.6904,10.4008,-5.21,7.9234,10.3661,0.2527,13.69,6.0,0.4039,-13928.66
Public,BANK OF MAHARASHTRA,2006,52.24,0.16,86.2,83.0,14052,4.25,0.166,2.7966,52.7631,5.0366,10.3486,-5.21,8.0607,9.8025,0.0749,13.58,6.5,0.6372,-17554.41
Public,BANK OF MAHARASHTRA,2007,265.05,0.76,86.95,138.48,13893,5.8,0.7883,11.8271,58.7534,4.4653,10.5716,22.29,7.6608,9.8621,0.3557,14.29,7.0,0.8706,-14892.2
Public,BANK OF MAHARASHTRA,2008,380.29,0.75,86.72,86.31,13590,6.37,0.778,12.7425,60.8209,3.6998,10.7821,21.33,3.0867,10.5385,0.351,15.7,7.0,0.3814,-13451.09
Public,BANK OF MAHARASHTRA,2009,500.02,0.72,88.52,187.17,13631,8.35,0.7468,13.0603,58.0901,4.2642,10.9858,20.37,7.8619,11.4597,0.337,15.82,5.0,0.3866,-12734.48
Public,BANK OF MAHARASHTRA,2010,591.24,0.7,89.09,250.62,13673,10.88,0.7261,13.8989,56.7367,4.0228,11.1712,18.54,8.4976,11.0076,0.3276,15.38,4.25,0.345,-12585.18
Public,BANK OF MAHARASHTRA,2011,530.86,0.47,87.44,342.0,13861,11.99,0.4875,11.9302,61.3284,5.1947,11.2443,7.31,5.2413,11.0845,0.2833,14.93,6.5,0.4192,-15771.61
Public,BANK OF MAHARASHTRA,2012,640.67,0.55,83.97,673.44,13803,8.86,0.5705,10.3132,61.5113,5.1819,11.4201,17.58,5.4564,10.6839,0.3316,14.18,8.5,0.5505,-13590.88
Public,BANK OF MAHARASHTRA,2013,912.0,0.74,80.66,585.73,13620,9.31,0.7676,10.4482,64.531,5.4697,11.6695,24.94,6.3861,10.2952,0.4461,13.88,7.9,0.3759,-12237.82
Public,BANK OF MAHARASHTRA,2014,894.19,0.3,85.68,753.96,14396,11.06,0.3112,8.5535,65.2291,5.405,11.8228,15.32,7.4102,10.4409,0.1809,13.34,7.75,0.4287,-13153.33
Public,BANK OF MAHARASHTRA,2015,1005.98,0.33,83.63,1409.33,14189,6.65,0.3423,9.0259,67.5249,5.5249,11.8915,6.87,7.9962,10.4283,0.1989,13.0,8.0,0.4123,-12993.92
Public,BANK OF MAHARASHTRA,2016,1019.29,0.07,86.35,2132.84,13765,4.91,0.0726,8.8484,66.8268,5.4593,11.9889,9.74,8.2563,10.3085,0.0276,12.8,6.75,0.48,-12917.0
Public,BANK OF MAHARASHTRA,2017,1508.07,-0.86,87.28,3947.75,12974,4.95,-0.8921,14.0752,59.9503,4.6318,11.9787,-1.02,6.7954,10.7672,-0.3396,12.53,6.25,0.3934,-12870.86
Public,BANK OF MAHARASHTRA,2018,1506.05,-0.73,88.9,5460.11,12932,3.33,-0.7572,15.2156,54.8826,6.3609,11.9597,-1.9,6.533,10.7885,-0.2882,12.2,6.0,0.3594,-12798.42
Public,BANK OF MAHARASHTRA,2019,1547.45,-3.01,85.48,7226.82,12913,3.95,-3.1222,16.6147,50.2422,3.4883,12.0109,5.12,4.0416,11.228,-1.1885,13.21,6.5,0.3505,-13845.06
Public,BANK OF MAHARASHTRA,2020,1649.23,0.23,88.87,3006.26,12532,3.72,0.2386,16.3879,51.4438,6.3691,12.0369,2.6,-7.9646,12.6008,0.0908,17.6,5.25,0.3495,-13315.32
Public,BHARATIYA MAHILA BANK LTD.,2014,2.78,1.17,7.75,0.66,194,11.06,1.8449,14.3595,7.9225,90.5866,7.0188,-120.55,7.4102,10.4409,0.7053,13.34,7.75,0.8073,-48441.7
Public,BHARATIYA MAHILA BANK LTD.,2015,18.54,1.34,40.75,0.66,439,6.65,2.1129,28.8291,19.0875,55.9941,7.5192,50.04,7.9962,10.4283,0.8078,13.0,8.0,0.7785,-34932.4
Public,BHARATIYA MAHILA BANK LTD.,2016,15.76,0.12,45.94,0.66,470,4.91,0.1892,22.0759,30.721,51.2081,7.6109,9.17,8.2563,10.3085,0.0474,12.8,6.75,0.5509,-48144.68
Public,BHARATIYA MAHILA BANK LTD.,2017,18.52,0.21,47.39,8.17,501,4.95,0.3311,22.1399,27.9889,50.4468,7.63,1.91,6.7954,10.7672,0.0829,12.53,6.25,0.4879,-35196.88
Public,CANARA BANK,2005,1543.83,1.01,87.75,635.18,47389,3.77,1.523,22.0332,54.7766,5.5382,11.611,81.98,7.9234,10.3661,0.4727,13.69,6.0,0.2733,-12162.66
Public,CANARA BANK,2006,1315.57,1.13,87.94,635.18,46893,4.25,1.704,17.1299,59.7987,5.3698,11.7968,18.58,8.0607,9.8025,0.5289,13.58,6.5,0.3976,-13159.22
Public,CANARA BANK,2007,1450.95,0.98,85.79,457.95,46359,5.8,1.4778,14.1553,59.3547,6.2388,12.0195,22.28,7.6608,9.8621,0.4587,14.29,7.0,0.3843,-12491.88
Public,CANARA BANK,2008,2212.87,0.92,85.35,875.0,45260,6.37,1.3873,16.2444,59.4022,5.8165,12.1036,8.41,3.0867,10.5385,0.4306,15.7,7.0,0.3813,-11130.13
Public,CANARA BANK,2009,2311.21,1.06,85.09,900.0,44090,8.35,1.5984,14.1229,62.9283,5.5579,12.2998,19.61,7.8619,11.4597,0.4961,15.82,5.0,0.3393,-11141.2
Public,CANARA BANK,2010,2857.9,1.3,88.63,1426.17,43380,10.88,1.9603,15.7614,63.9624,5.5419,12.4865,18.67,8.4976,11.0076,0.6084,15.38,4.25,0.3379,-10942.66
Public,CANARA BANK,2011,2811.46,1.42,87.35,1001.18,43397,11.99,2.1413,13.1794,62.8878,5.9652,12.7247,23.82,5.2413,11.0845,0.8561,14.93,6.5,0.3649,-11736.94
Public,CANARA BANK,2012,2927.6,0.95,87.41,1294.06,42272,8.86,1.4326,10.0589,62.1364,6.0642,12.8324,10.77,5.4564,10.6839,0.5727,14.18,8.5,0.3349,-11336.09
Public,CANARA BANK,2013,3153.01,0.77,86.3,1860.99,42693,9.31,1.1611,9.8258,58.7319,6.0333,12.9296,9.72,6.3861,10.2952,0.4642,13.88,7.9,0.2836,-11373.64
Public,CANARA BANK,2014,3932.76,0.54,85.53,2135.04,48794,11.06,0.8143,10.5156,61.2023,6.0213,13.1061,17.65,7.4102,10.4409,0.3255,13.34,7.75,0.3302,-11291.39
Public,CANARA BANK,2015,4550.25,0.55,86.47,3770.87,53984,6.65,0.8294,11.0882,60.2254,5.8137,13.214,10.8,7.9962,10.4283,0.3316,13.0,8.0,0.2908,-11488.04
Public,CANARA BANK,2016,4875.23,-0.52,86.77,9608.16,54008,4.91,-0.7841,11.7744,58.7229,5.7153,13.223,0.9,8.2563,10.3085,-0.2053,12.8,6.75,0.318,-11441.52
Public,CANARA BANK,2017,7554.4,0.2,84.88,7437.77,55715,4.95,0.3016,18.6852,58.6114,5.7728,13.2768,5.38,6.7954,10.7672,0.079,12.53,6.25,0.3019,-10827.6
Public,CANARA BANK,2018,6942.85,-0.75,85.07,14882.7,58853,3.33,-1.131,17.9694,61.8758,5.7717,13.3324,5.56,6.533,10.7885,-0.2961,12.2,6.0,0.3367,-11721.38
Public,CANARA BANK,2019,6574.96,0.06,86.22,12722.8,58348,3.95,0.0905,15.318,61.5642,5.2071,13.4513,11.89,4.0416,11.228,0.0237,13.21,6.5,0.4869,-12126.92
Public,CANARA BANK,2020,7813.15,-0.32,86.39,10655.0,58629,3.72,-0.4825,17.2969,59.703,5.4281,13.4924,11.89,-7.9646,12.6008,-0.1264,17.6,5.25,0.4152,-12034.21
Public,CENTRAL BANK OF INDIA,2005,920.13,0.53,88.56,598.66,38303,3.77,0.6768,20.7278,39.7652,4.7601,11.136,129.1,7.9234,10.3661,0.248,13.69,6.0,0.5134,-14176.39
Public,CENTRAL BANK OF INDIA,2006,530.82,0.37,89.02,66.0,40124,4.25,0.4725,12.638,50.1914,4.6089,11.221,8.5,8.0607,9.8025,0.1732,13.58,6.5,0.4544,-16599.75
Public,CENTRAL BANK OF INDIA,2007,475.65,0.62,89.0,326.59,39055,5.8,0.7917,9.4647,55.6892,4.0747,11.4404,18.61,7.6608,9.8621,0.2902,14.29,7.0,0.6706,-15477.3
Public,CENTRAL BANK OF INDIA,2008,902.35,0.54,89.0,289.06,37488,6.37,0.6896,12.816,58.8899,4.7943,11.7277,28.72,3.0867,10.5385,0.2527,15.7,7.0,0.3405,-12702.75
Public,CENTRAL BANK OF INDIA,2009,1069.97,0.45,88.9,322.34,32804,8.35,0.5747,11.0723,57.8938,4.3426,11.9026,17.5,7.8619,11.4597,0.2106,15.82,5.0,0.3412,-11827.33
Public,CENTRAL BANK OF INDIA,2010,1735.25,0.66,88.74,288.4,34826,10.88,0.8428,14.9881,57.6901,4.211,12.1154,21.28,8.4976,11.0076,0.3089,15.38,4.25,0.3474,-11082.22
Public,CENTRAL BANK OF INDIA,2011,1265.04,0.7,85.51,632.0,34015,11.99,0.8939,10.1312,61.8455,5.1838,12.2537,13.83,5.2413,11.0845,0.422,14.93,6.5,0.3512,-14960.04
Public,CENTRAL BANK OF INDIA,2012,1395.3,0.26,85.37,1375.0,35901,8.86,0.332,8.3074,64.1919,5.4184,12.345,9.12,5.4564,10.6839,0.1567,14.18,8.5,0.3227,-13067.1
Public,CENTRAL BANK OF INDIA,2013,1667.33,0.44,84.3,1358.0,37113,9.31,0.5619,8.641,64.1242,5.711,12.4992,15.43,6.3861,10.2952,0.2653,13.88,7.9,0.3534,-12909.0
Public,CENTRAL BANK OF INDIA,2014,1922.58,-0.47,82.93,3292.0,40661,11.06,-0.6002,9.0811,61.2496,5.4538,12.5759,7.67,7.4102,10.4409,-0.2833,13.34,7.75,0.3037,-13394.26
Public,CENTRAL BANK OF INDIA,2015,1894.23,0.21,81.93,2062.0,39039,6.65,0.2682,8.337,60.421,5.5962,12.6506,7.47,7.9962,10.4283,0.1266,13.0,8.0,0.3431,-13578.28
Public,CENTRAL BANK OF INDIA,2016,1938.79,-0.48,87.14,4913.0,37685,4.91,-0.613,9.1605,58.9295,5.7876,12.6296,-2.1,8.2563,10.3085,-0.1895,12.8,6.75,0.3309,-15044.23
Public,CENTRAL BANK OF INDIA,2017,2875.64,-0.8,88.98,6215.97,37132,4.95,-1.0216,13.5797,41.811,5.1794,12.7171,8.75,6.7954,10.7672,-0.3159,12.53,6.25,0.4021,-13746.14
Public,CENTRAL BANK OF INDIA,2018,2622.35,-1.61,90.38,10543.6,36843,3.33,-2.056,12.9489,47.9859,5.5132,12.6953,-2.18,6.533,10.7885,-0.6357,12.2,6.0,0.3439,-14252.84
Public,CENTRAL BANK OF INDIA,2019,2412.94,-1.7,90.67,11029.9,35675,3.95,-2.1709,12.7044,44.3053,5.7254,12.709,1.37,4.0416,11.228,-0.6712,13.21,6.5,0.3867,-14367.86
Public,CENTRAL BANK OF INDIA,2020,3636.82,-0.35,88.03,4229.4,33481,3.72,-0.447,17.935,42.3922,6.0122,12.7839,1.37,-7.9646,12.6008,-0.1382,17.6,5.25,0.3011,-13822.76
Public,CORPORATION BANK,2005,564.57,1.12,80.28,115.96,10199,3.77,0.869,26.2909,54.6706,9.0052,10.4319,17.74,7.9234,10.3661,0.5242,13.69,6.0,0.2946,-11666.66
Public,CORPORATION BANK,2006,473.56,1.24,81.16,187.0,11325,4.25,0.9621,20.1234,59.1568,8.3317,10.6092,17.74,8.0607,9.8025,0.5803,13.58,6.5,0.5092,-12860.5
Public,CORPORATION BANK,2007,635.52,1.17,80.34,186.26,11880,5.8,0.9078,19.9073,56.8082,7.1423,10.8728,26.35,7.6608,9.8621,0.5476,14.29,7.0,0.3233,-11475.96
Public,CORPORATION BANK,2008,699.78,1.29,83.22,123.0,12010,6.37,1.0009,16.1822,58.8392,6.3493,11.1064,23.37,3.0867,10.5385,0.6037,15.7,7.0,0.3291,-11169.39
Public,CORPORATION BANK,2009,1107.21,1.24,85.13,170.0,12465,8.35,0.9621,18.0681,55.8215,5.6343,11.3726,26.62,7.8619,11.4597,0.5803,15.82,5.0,0.3067,-10128.52
Public,CORPORATION BANK,2010,1493.34,1.28,83.04,345.25,13143,10.88,0.9931,20.6803,56.599,5.1715,11.6233,25.07,8.4976,11.0076,0.5991,15.38,4.25,0.3201,-9790.74
Public,CORPORATION BANK,2011,1255.88,1.21,81.35,479.27,13861,11.99,0.9388,14.3539,60.5193,4.9738,11.8742,25.09,5.2413,11.0845,0.7295,14.93,6.5,0.3319,-11106.44
Public,CORPORATION BANK,2012,1492.62,1.06,83.24,557.2,13813,8.86,0.8224,11.7281,61.4262,5.0599,12.0049,13.08,5.4564,10.6839,0.639,14.18,8.5,0.2932,-10598.97
Public,CORPORATION BANK,2013,1607.94,0.88,85.82,928.12,14816,9.31,0.6828,10.7589,61.3706,4.945,12.1727,16.78,6.3861,10.2952,0.5305,13.88,7.9,0.3425,-10641.88
Public,CORPORATION BANK,2014,1647.72,0.29,87.09,1438.11,17091,11.06,0.225,9.5718,61.7371,4.5419,12.3107,13.79,7.4102,10.4409,0.1748,13.34,7.75,0.3298,-10974.05
Public,CORPORATION BANK,2015,1482.46,0.28,88.21,1835.09,17999,6.65,0.2172,8.0074,64.1905,4.6393,12.3283,1.76,7.9962,10.4283,0.1688,13.0,8.0,0.4133,-11221.47
Public,CORPORATION BANK,2016,1735.16,-0.23,87.36,5266.51,18383,4.91,-0.1784,9.499,59.7463,4.8394,12.3668,3.85,8.2563,10.3085,-0.0908,12.8,6.75,0.3789,-11381.51
Public,CORPORATION BANK,2017,3090.31,0.23,88.97,3508.66,18507,4.95,0.1784,15.8803,56.6204,5.128,12.4207,-3.62,6.7954,10.7672,0.0908,12.53,6.25,0.3574,-10262.99
Public,CORPORATION BANK,2018,2313.08,-1.67,82.62,10982.1,19419,3.33,-1.2957,13.8172,54.0214,4.8879,12.3099,-11.08,6.533,10.7885,-0.6594,12.2,6.0,0.3394,-11278.7
Public,CORPORATION BANK,2019,1872.07,-3.14,86.42,11585.1,18935,3.95,-2.4362,13.3637,56.7714,7.7559,12.2718,-3.82,4.0416,11.228,-1.2398,13.21,6.5,0.7156,-12614.63
Public,CORPORATION BANK,2020,3749.2,-1.13,89.46,3279.49,18486,3.72,-0.8767,25.4276,55.502,5.9905,12.3438,7.21,-7.9646,12.6008,-0.4462,17.6,5.25,0.6487,-12673.35
Public,DENA BANK,2005,311.18,0.26,86.97,275.57,10201,3.77,0.1516,21.9024,47.0631,4.5934,10.087,9.96,7.9234,10.3661,0.1217,13.69,6.0,0.2977,-15223.13
Public,DENA BANK,2006,439.04,0.29,88.99,236.91,10156,4.25,0.1691,26.8064,53.6111,5.0451,10.1866,9.96,8.0607,9.8025,0.1357,13.58,6.5,0.2836,-12266.92
Public,DENA BANK,2007,391.53,0.71,88.04,287.9,10120,5.8,0.414,20.6228,58.1972,4.758,10.3562,16.96,7.6608,9.8621,0.3323,14.29,7.0,0.4602,-12876.04
Public,DENA BANK,2008,478.13,1.06,87.84,264.0,9957,6.37,0.6181,19.0978,59.5832,4.6599,10.5621,20.59,3.0867,10.5385,0.4961,15.7,7.0,0.2777,-11787.69
Public,DENA BANK,2009,430.13,1.02,88.84,199.44,9883,8.35,0.5948,13.8331,59.5907,4.4789,10.7885,18.92,7.8619,11.4597,0.4774,15.82,5.0,0.3379,-12483.05
Public,DENA BANK,2010,588.63,1.01,89.16,96.71,10525,10.88,0.5889,15.693,61.5811,4.5179,10.961,17.26,8.4976,11.0076,0.4727,15.38,4.25,0.3361,-11676.51
Public,DENA BANK,2011,533.84,1.0,90.64,281.25,9953,11.99,0.5831,11.8791,63.2821,5.1609,11.1682,20.71,5.2413,11.0845,0.6029,14.93,6.5,0.4314,-12685.64
Public,DENA BANK,2012,582.17,1.08,88.3,262.13,10202,8.86,0.6298,9.3573,64.8746,5.1235,11.3781,21.0,5.4564,10.6839,0.6511,14.18,8.5,0.3753,-12011.89
Public,DENA BANK,2013,655.46,0.86,85.69,373.33,11093,9.31,0.5015,7.94,57.9875,5.0811,11.639,26.09,6.3861,10.2952,0.5185,13.88,7.9,0.2737,-11683.74
Public,DENA BANK,2014,916.73,0.51,88.12,733.16,12983,11.06,0.2974,9.9134,62.1108,5.7202,11.735,9.6,7.4102,10.4409,0.3075,13.34,7.75,0.3051,-11740.89
Public,DENA BANK,2015,721.33,0.22,89.24,1114.74,13632,6.65,0.1283,7.4781,60.7558,5.7267,11.7747,3.97,7.9962,10.4283,0.1326,13.0,8.0,0.3072,-12506.39
Public,DENA BANK,2016,716.8,-1.02,88.0,2724.07,13906,4.91,-0.5948,7.8819,61.6961,5.3518,11.8014,2.67,8.2563,10.3085,-0.4028,12.8,6.75,0.3248,-13764.05
Public,DENA BANK,2017,1251.4,-0.67,87.97,2457.75,13985,4.95,-0.3907,13.6563,56.029,5.9331,11.7717,-2.98,6.7954,10.7672,-0.2646,12.53,6.25,0.3712,-12531.1
Public,DENA BANK,2018,1163.52,-1.59,87.81,4281.8,13613,3.33,-0.9271,15.2541,54.2625,7.6144,11.7024,-6.93,6.533,10.7885,-0.6278,12.2,6.0,0.3264,-13945.13
Public,DENA BANK,2019,972.23,-5.49,92.26,4903.73,13328,3.95,-3.2013,16.2988,47.625,2.8165,11.6,-10.24,4.0416,11.228,-2.1677,13.21,6.5,0.3843,-19344.8
Public,IDBI BANK LTD.,2005,627.12,0.78,18.56,-37.93,4530,3.77,0.7667,22.1684,55.8179,7.2866,11.3066,0.96,7.9234,10.3661,0.3651,13.69,6.0,0.3803,-9303.61
Public,IDBI BANK LTD.,2006,1280.45,0.68,29.36,131.69,4548,4.25,0.6684,22.0703,59.5486,7.1948,11.3915,8.48,8.0607,9.8025,0.3182,13.58,6.5,0.3841,-9087.55
Public,IDBI BANK LTD.,2007,1027.18,0.67,41.75,139.24,7482,5.8,0.6586,15.5772,60.161,7.993,11.5506,15.91,7.6608,9.8621,0.3136,14.29,7.0,0.2522,-9501.51
Public,IDBI BANK LTD.,2008,1581.77,0.67,55.85,133.58,8253,6.37,0.6586,18.2571,62.9045,6.7501,11.7806,21.8,3.0867,10.5385,0.3136,15.7,7.0,0.6119,-8945.89
Public,IDBI BANK LTD.,2009,1476.43,0.62,65.2,119.05,10201,8.35,0.6094,12.6367,60.0018,5.4662,12.0576,27.7,7.8619,11.4597,0.2902,15.82,5.0,0.3742,-9922.98
Public,IDBI BANK LTD.,2010,2301.73,0.53,71.78,236.34,12220,10.88,0.521,14.6312,59.1686,4.3519,12.3612,30.37,8.4976,11.0076,0.248,15.38,4.25,0.4064,-9624.09
Public,IDBI BANK LTD.,2011,2143.23,0.73,71.23,371.58,13598,11.99,0.7176,11.6292,62.0018,5.7494,12.4426,8.14,5.2413,11.0845,0.4401,14.93,6.5,0.5538,-10255.56
Public,IDBI BANK LTD.,2012,2112.18,0.83,72.5,645.54,15435,8.86,0.8159,9.2337,62.1985,6.692,12.5787,13.61,5.4564,10.6839,0.5004,14.18,8.5,0.5555,-10521.98
Public,IDBI BANK LTD.,2013,3219.51,0.72,70.37,1612.94,15465,9.31,0.7077,12.8015,60.8196,6.5793,12.6847,10.6,6.3861,10.2952,0.4341,13.88,7.9,0.5139,-10095.29
Public,IDBI BANK LTD.,2014,2978.75,0.41,71.67,1681.3,16438,11.06,0.403,11.3444,60.089,7.1855,12.7038,1.91,7.4102,10.4409,0.2472,13.34,7.75,0.4267,-10388.41
Public,IDBI BANK LTD.,2015,4007.63,0.29,72.96,1622.86,16555,6.65,0.2851,14.2447,58.5092,6.8279,12.7831,7.93,7.9962,10.4283,0.1748,13.0,8.0,0.4075,-10215.98
Public,IDBI BANK LTD.,2016,3410.7,-1.09,70.79,3507.11,17570,4.91,-1.0714,12.4825,57.5118,7.3848,12.8357,5.26,8.2563,10.3085,-0.4304,12.8,6.75,0.459,-10687.93
Public,IDBI BANK LTD.,2017,4007.83,-1.37,74.21,11769.1,17726,4.95,-1.3467,15.034,52.7326,6.2352,12.799,-3.67,6.7954,10.7672,-0.5409,12.53,6.25,0.4211,-11093.08
Public,IDBI BANK LTD.,2018,7013.58,-2.46,70.82,19126.1,17475,3.33,-2.4181,27.7267,49.0566,6.0584,12.7659,-3.31,6.533,10.7885,-0.9713,12.2,6.0,0.4098,-9054.31
Public,INDIAN BANK,2005,568.82,1.08,79.36,198.92,21567,3.77,2.0319,22.5269,41.9056,13.5346,10.6888,-122.43,7.9234,10.3661,0.5055,13.69,6.0,0.2911,-13431.05
Public,INDIAN BANK,2006,463.23,1.16,85.66,97.15,21394,4.25,2.1824,16.857,47.2017,5.2302,10.7713,8.26,8.0607,9.8025,0.5429,13.58,6.5,0.4767,-15273.65
Public,INDIAN BANK,2007,823.06,1.46,83.87,94.25,20892,5.8,2.7468,21.8248,51.7521,6.8404,10.9358,16.44,7.6608,9.8621,0.6833,14.29,7.0,0.4923,-12847.93
Public,INDIAN BANK,2008,1005.69,1.64,86.58,349.58,20548,6.37,3.0855,20.872,56.5026,7.319,11.1635,22.77,3.0867,10.5385,0.7675,15.7,7.0,0.3702,-12139.65
Public,INDIAN BANK,2009,1035.44,1.62,86.35,13.66,19993,8.35,3.0479,16.4941,61.1472,8.4897,11.3392,17.57,7.8619,11.4597,0.7582,15.82,5.0,0.3322,-12109.35
Public,INDIAN BANK,2010,1316.41,1.67,87.02,392.1,19641,10.88,3.1419,18.0317,61.2946,8.1588,11.5267,18.75,8.4976,11.0076,0.7816,15.38,4.25,0.3318,-11490.0
Public,INDIAN BANK,2011,1181.89,1.53,86.93,713.65,19311,11.99,2.8785,13.7164,61.823,7.8222,11.7095,18.27,5.2413,11.0845,0.9224,14.93,6.5,0.3281,-11989.68
Public,INDIAN BANK,2012,1232.16,1.31,85.42,761.0,18710,8.86,2.4646,10.9268,63.8694,7.6379,11.8595,15.0,5.4564,10.6839,0.7897,14.18,8.5,0.3731,-11883.58
Public,INDIAN BANK,2013,1283.15,1.02,87.2,952.98,18793,9.31,1.919,10.3232,64.882,7.3531,12.0004,14.09,6.3861,10.2952,0.6149,13.88,7.9,0.3986,-12606.61
Public,INDIAN BANK,2014,1371.68,0.67,86.67,1154.56,19351,11.06,1.2605,9.9474,65.2734,7.4087,12.1401,13.96,7.4102,10.4409,0.4039,13.34,7.75,0.3046,-12327.33
Public,INDIAN BANK,2015,1363.36,0.54,87.76,1288.6,20222,6.65,1.016,9.4642,65.2697,7.8281,12.1696,2.95,7.9962,10.4283,0.3255,13.0,8.0,0.3156,-12199.31
Public,INDIAN BANK,2016,1781.42,0.36,87.52,2398.18,20074,4.91,0.6773,12.0125,63.3493,7.9818,12.2244,5.49,8.2563,10.3085,0.1421,12.8,6.75,0.334,-12141.32
Public,INDIAN BANK,2017,2211.37,0.67,83.63,2077.33,20861,4.95,1.2605,14.847,58.5151,7.8641,12.2933,6.89,6.7954,10.7672,0.2646,12.53,6.25,0.3216,-11816.53
Public,INDIAN BANK,2018,2405.84,0.53,82.42,3472.82,19734,3.33,0.9971,15.1778,61.9546,7.3001,12.44,14.67,6.533,10.7885,0.2093,12.2,6.0,0.3442,-11885.85
Public,INDIAN BANK,2019,1882.89,0.12,86.44,3615.9,19527,3.95,0.2258,11.0451,64.7213,6.9229,12.5428,12.32,4.0416,11.228,0.0474,13.21,6.5,0.4602,-12785.89
Public,INDIAN BANK,2020,3312.46,0.26,84.09,4335.84,18691,3.72,0.4892,16.3203,63.9442,7.1378,12.6426,9.98,-7.9646,12.6008,0.1027,17.6,5.25,0.4107,-11387.36
Public,INDIAN OVERSEAS BANK,2005,799.56,1.28,87.06,294.93,24366,3.77,0.9397,22.259,49.6018,5.0678,10.836,15.54,7.9234,10.3661,0.5991,13.69,6.0,0.356,-12593.0
Public,INDIAN OVERSEAS BANK,2006,541.13,1.32,85.13,153.61,24178,4.25,0.969,14.6813,58.5537,5.353,10.9913,15.54,8.0607,9.8025,0.6178,13.58,6.5,0.683,-14505.82
Public,INDIAN OVERSEAS BANK,2007,387.05,1.36,83.57,135.31,23861,5.8,0.9984,8.0113,57.2114,4.8511,11.3176,32.63,7.6608,9.8621,0.6365,14.29,7.0,0.5072,-14635.06
Public,INDIAN OVERSEAS BANK,2008,1037.1,1.3,82.8,125.44,24947,6.37,0.9543,14.2252,59.3118,4.7782,11.5311,21.35,3.0867,10.5385,0.6084,15.7,7.0,0.3314,-11468.68
Public,INDIAN OVERSEAS BANK,2009,1595.83,1.17,82.69,365.5,25512,8.35,0.8589,17.1677,61.8511,5.9063,11.7042,17.3,7.8619,11.4597,0.5476,15.82,5.0,0.3405,-11051.72
Public,INDIAN OVERSEAS BANK,2010,1143.25,0.53,84.52,919.46,26732,10.88,0.3891,12.8131,60.2626,5.7399,11.7836,7.95,8.4976,11.0076,0.248,15.38,4.25,0.3652,-13349.18
Public,INDIAN OVERSEAS BANK,2011,1225.1,0.71,81.23,1033.62,25626,11.99,0.5212,11.392,62.5519,5.2157,12.0939,31.03,5.2413,11.0845,0.428,14.93,6.5,0.4118,-12791.6
Public,INDIAN OVERSEAS BANK,2012,1681.04,0.52,81.24,1470.16,27201,8.86,0.3817,10.2458,64.0713,5.4306,12.2997,20.58,5.4564,10.6839,0.3135,14.18,8.5,0.377,-11992.13
Public,INDIAN OVERSEAS BANK,2013,1972.9,0.24,82.62,2198.82,28280,9.31,0.1762,10.2532,65.5468,5.5005,12.4076,10.79,6.3861,10.2952,0.1447,13.88,7.9,0.3296,-11651.23
Public,INDIAN OVERSEAS BANK,2014,2169.34,0.23,82.93,2210.8,29922,11.06,0.1688,10.2792,63.9805,5.8822,12.5242,11.66,7.4102,10.4409,0.1387,13.34,7.75,0.3239,-11657.61
Public,INDIAN OVERSEAS BANK,2015,2138.6,-0.16,86.14,3529.31,32118,6.65,-0.1175,9.7757,60.1309,5.4758,12.5625,3.83,7.9962,10.4283,-0.0965,13.0,8.0,0.3882,-12068.12
Public,INDIAN OVERSEAS BANK,2016,2528.26,-0.97,81.81,7348.27,32020,4.91,-0.7121,12.0278,58.6148,5.7084,12.5225,-4.0,8.2563,10.3085,-0.383,12.8,6.75,0.3086,-12660.85
Public,INDIAN OVERSEAS BANK,2017,3372.64,-1.21,85.51,6948.26,29967,4.95,-0.8883,18.5522,56.8273,5.5608,12.4178,-10.47,6.7954,10.7672,-0.4778,12.53,6.25,0.2764,-12108.45
Public,INDIAN OVERSEAS BANK,2018,3746.44,-2.33,87.44,11935.0,28086,3.33,-1.7105,23.3035,53.4298,5.3531,12.421,0.32,6.533,10.7885,-0.92,12.2,6.0,0.3315,-12959.98
Public,INDIAN OVERSEAS BANK,2019,4206.32,-1.35,89.01,9881.25,26354,3.95,-0.991,24.1937,53.0373,6.5437,12.4292,2.26,4.0416,11.228,-0.5331,13.21,6.5,0.2984,-10868.46
Public,INDIAN OVERSEAS BANK,2020,3359.68,-2.95,85.51,11171.8,24880,3.72,-2.1656,21.4855,46.5366,6.1961,12.4712,4.2,-7.9646,12.6008,-1.1648,17.6,5.25,0.3137,-12851.41
Public,ORIENTAL BANK OF COMMERCE,2005,505.2,2.01,88.5,151.98,14563,3.77,1.9746,15.396,46.7902,6.1532,10.898,8.62,7.9234,10.3661,0.9407,13.69,6.0,0.3457,-12085.21
Public,ORIENTAL BANK OF COMMERCE,2006,552.77,1.39,85.17,-54.95,14962,4.25,1.3655,14.9162,56.971,8.7733,10.9842,8.62,8.0607,9.8025,0.6505,13.58,6.5,0.2875,-12575.16
Public,ORIENTAL BANK OF COMMERCE,2007,603.26,1.21,86.56,-199.1,14730,5.8,1.1887,12.6462,59.698,7.5745,11.211,22.67,7.6608,9.8621,0.5663,14.29,7.0,0.3256,-11881.9
Public,ORIENTAL BANK OF COMMERCE,2008,627.65,1.02,85.83,-189.5,14804,6.37,1.0021,9.8452,60.1572,6.3678,11.4154,20.44,3.0867,10.5385,0.4774,15.7,7.0,0.3588,-11564.12
Public,ORIENTAL BANK OF COMMERCE,2009,1071.32,0.88,87.37,170.58,14656,8.35,0.8645,12.5595,60.8445,6.576,11.6314,21.61,7.8619,11.4597,0.4119,15.82,5.0,0.3581,-10936.98
Public,ORIENTAL BANK OF COMMERCE,2010,1200.04,0.91,87.5,531.59,15358,10.88,0.894,12.2814,60.75,5.9942,11.8309,19.94,8.4976,11.0076,0.4259,15.38,4.25,0.3673,-11169.2
Public,ORIENTAL BANK OF COMMERCE,2011,960.07,1.03,86.19,934.38,16964,11.99,1.0119,8.6063,59.4435,6.878,11.9913,16.04,5.2413,11.0845,0.6209,14.93,6.5,0.4774,-11814.6
Public,ORIENTAL BANK OF COMMERCE,2012,1240.25,0.67,87.85,1081.59,18371,8.86,0.6582,8.4144,63.0737,6.7269,12.0869,9.56,5.4564,10.6839,0.4039,14.18,8.5,0.3993,-11581.95
Public,ORIENTAL BANK OF COMMERCE,2013,1654.71,0.71,87.64,1582.42,18891,9.31,0.6975,9.9118,64.2535,6.3656,12.2096,12.26,6.3861,10.2952,0.428,13.88,7.9,0.3514,-11344.43
Public,ORIENTAL BANK OF COMMERCE,2014,1945.27,0.56,87.83,1698.01,19550,11.06,0.5501,10.7796,63.1313,6.0965,12.3028,9.32,7.4102,10.4409,0.3376,13.34,7.75,0.3351,-11221.01
Public,ORIENTAL BANK OF COMMERCE,2015,2121.4,0.23,88.5,1999.81,20200,6.65,0.226,11.2698,63.0164,5.9777,12.3481,4.53,7.9962,10.4283,0.1387,13.0,8.0,0.3217,-11371.16
Public,ORIENTAL BANK OF COMMERCE,2016,1766.28,0.07,87.13,3625.74,21469,4.91,0.0688,9.5599,62.0934,6.2315,12.3874,3.94,8.2563,10.3085,0.0276,12.8,6.75,0.3614,-12006.41
Public,ORIENTAL BANK OF COMMERCE,2017,2765.52,-0.46,86.67,6468.43,21552,4.95,-0.4519,15.6395,62.3184,5.5801,12.4414,5.4,6.7954,10.7672,-0.1816,12.53,6.25,0.392,-11097.33
Public,ORIENTAL BANK OF COMMERCE,2018,2792.36,-2.31,88.86,9337.95,21977,3.33,-2.2694,16.8303,58.4407,5.0512,12.3603,-8.11,6.533,10.7885,-0.9121,12.2,6.0,0.369,-11266.82
Public,ORIENTAL BANK OF COMMERCE,2019,2669.08,0.02,85.47,6965.54,21729,3.95,0.0196,16.7631,58.571,6.9439,12.5143,15.4,4.0416,11.228,0.0079,13.21,6.5,0.3796,-12872.82
Public,ORIENTAL BANK OF COMMERCE,2020,3204.93,-0.83,85.72,5083.79,21024,3.72,-0.8154,19.3511,58.8424,6.1611,12.5004,-1.39,-7.9646,12.6008,-0.3277,17.6,5.25,0.3332,-13803.09
Public,PUNJAB AND SIND BANK,2005,256.14,-0.45,90.16,87.07,9632,3.77,-0.6344,27.431,40.224,2.8017,9.6625,19.19,7.9234,10.3661,-0.2106,13.69,6.0,0.3869,-18631.24
Public,PUNJAB AND SIND BANK,2006,120.02,0.64,88.88,94.63,9542,4.25,0.9022,12.8147,47.8257,6.418,9.8545,19.19,8.0607,9.8025,0.2995,13.58,6.5,0.5253,-19416.12
Public,PUNJAB AND SIND BANK,2007,228.5,1.01,87.96,99.67,9324,5.8,1.4238,15.9534,53.4421,6.4002,9.9971,14.27,7.6608,9.8621,0.4727,14.29,7.0,0.6328,-14789.72
Public,PUNJAB AND SIND BANK,2008,317.64,1.49,80.23,65.49,9013,6.37,2.1004,16.0737,59.2691,6.7637,10.3401,34.3,3.0867,10.5385,0.6973,15.7,7.0,0.51,-12869.49
Public,PUNJAB AND SIND BANK,2009,407.7,1.24,83.83,62.83,8700,8.35,1.748,13.7875,59.5094,5.1744,10.6302,29.01,7.8619,11.4597,0.5803,15.82,5.0,0.3326,-12247.82
Public,PUNJAB AND SIND BANK,2010,411.81,1.05,86.75,91.92,8259,10.88,1.4802,11.3515,57.6002,4.6159,10.9449,31.48,8.4976,11.0076,0.4914,15.38,4.25,0.358,-11888.25
Public,PUNJAB AND SIND BANK,2011,437.09,0.9,87.12,159.96,8107,11.99,1.2687,9.9666,62.1995,5.5483,11.1353,19.04,5.2413,11.0845,0.5426,14.93,6.5,0.3937,-12748.19
Public,PUNJAB AND SIND BANK,2012,417.46,0.65,86.58,61.11,8041,8.86,0.9163,7.2811,63.3032,5.828,11.1969,6.16,5.4564,10.6839,0.3919,14.18,8.5,0.4064,-12804.12
Public,PUNJAB AND SIND BANK,2013,394.22,0.44,87.78,255.55,8533,9.31,0.6203,5.9389,63.9067,5.721,11.2957,9.88,6.3861,10.2952,0.2653,13.88,7.9,0.3794,-12261.79
Public,PUNJAB AND SIND BANK,2014,427.28,0.35,89.65,521.33,8870,11.06,0.4934,5.9737,60.5646,5.3024,11.4564,16.07,7.4102,10.4409,0.211,13.34,7.75,0.3258,-12459.09
Public,PUNJAB AND SIND BANK,2015,428.75,0.13,88.71,438.33,9180,6.65,0.1833,5.5792,65.3381,5.7248,11.4902,3.38,7.9962,10.4283,0.0784,13.0,8.0,0.3201,-12520.48
Public,PUNJAB AND SIND BANK,2016,478.49,0.34,88.95,838.98,9403,4.91,0.4793,6.1044,62.3076,5.82,11.5384,4.82,8.2563,10.3085,0.1342,12.8,6.75,0.3315,-12481.23
Public,PUNJAB AND SIND BANK,2017,578.1,0.2,88.51,1106.67,9400,4.95,0.2819,7.9678,60.3606,6.3558,11.4788,-5.96,6.7954,10.7672,0.079,12.53,6.25,0.3452,-12751.39
Public,PUNJAB AND SIND BANK,2018,581.2,-0.69,89.42,1751.23,9320,3.33,-0.9727,8.4744,58.5178,5.4349,11.6418,16.31,6.533,10.7885,-0.2724,12.2,6.0,0.3556,-13503.68
Public,PUNJAB AND SIND BANK,2019,828.28,-0.47,90.43,2098.55,8973,3.95,-0.6626,10.7908,63.4742,5.2315,11.5989,-4.29,4.0416,11.228,-0.1856,13.21,6.5,0.3749,-12548.04
Public,PUNJAB AND SIND BANK,2020,897.4,-0.91,89.22,2539.09,8891,3.72,-1.2828,12.8772,58.1191,5.5683,11.518,-8.1,-7.9646,12.6008,-0.3593,17.6,5.25,0.3931,-13111.74
Public,PUNJAB NATIONAL BANK,2005,1675.68,1.17,81.72,168.0,58329,3.77,1.3947,24.4355,47.855,6.4648,11.746,14.04,7.9234,10.3661,0.5476,13.69,6.0,0.3746,-15815.05
Public,PUNJAB NATIONAL BANK,2006,1273.5,1.09,82.39,61.58,58047,4.25,1.2993,16.255,51.3724,6.4546,11.8863,14.04,8.0607,9.8025,0.5101,13.58,6.5,0.5466,-15228.5
Public,PUNJAB NATIONAL BANK,2007,1730.4,1.03,86.11,599.82,57316,5.8,1.2278,17.9496,59.4724,6.4249,11.998,11.16,7.6608,9.8621,0.4821,14.29,7.0,0.3858,-13905.96
Public,PUNJAB NATIONAL BANK,2008,1997.56,1.15,83.64,377.09,56025,6.37,1.3709,15.683,60.0449,6.1895,12.2012,20.32,3.0867,10.5385,0.5382,15.7,7.0,0.3809,-12788.02
Public,PUNJAB NATIONAL BANK,2009,3064.69,1.39,84.95,821.14,54780,8.35,1.657,17.0396,62.6534,5.9346,12.4168,21.56,7.8619,11.4597,0.6505,15.82,5.0,0.3144,-11599.0
Public,PUNJAB NATIONAL BANK,2010,3610.13,1.44,84.05,994.28,57103,10.88,1.7166,17.8099,62.9065,5.9747,12.6003,18.34,8.4976,11.0076,0.6739,15.38,4.25,0.3226,-11484.9
Public,PUNJAB NATIONAL BANK,2011,3612.58,1.34,82.71,2003.74,53114,11.99,1.5974,14.9066,63.9943,5.6852,12.8435,24.33,5.2413,11.0845,0.8078,14.93,6.5,0.3986,-12620.93
Public,PUNJAB NATIONAL BANK,2012,4202.6,1.19,82.84,2403.1,62127,8.86,1.4185,12.4795,64.116,6.0707,13.035,19.15,5.4564,10.6839,0.7174,14.18,8.5,0.3908,-11886.87
Public,PUNJAB NATIONAL BANK,2013,4223.43,1.0,81.75,3336.39,58898,9.31,1.1921,11.1306,64.4738,6.8226,13.0794,4.43,6.3861,10.2952,0.6029,13.88,7.9,0.3771,-12308.39
Public,PUNJAB NATIONAL BANK,2014,4576.71,0.64,82.01,4517.09,60923,11.06,0.7629,11.8994,63.455,6.5214,13.2184,6.8,7.4102,10.4409,0.3858,13.34,7.75,0.3848,-12769.83
Public,PUNJAB NATIONAL BANK,2015,5890.73,0.53,83.1,7979.19,68290,6.65,0.6318,14.1215,63.072,6.4773,13.3102,9.18,7.9962,10.4283,0.3195,13.0,8.0,0.3303,-12525.92
Public,PUNJAB NATIONAL BANK,2016,6000.05,-0.61,82.87,18469.2,65991,4.91,-0.7272,13.8085,61.7818,5.7403,13.4111,10.09,8.2563,10.3085,-0.2409,12.8,6.75,0.337,-12101.66
Public,PUNJAB NATIONAL BANK,2017,8951.37,0.19,86.31,12703.7,68986,4.95,0.2265,19.1073,58.2362,5.8442,13.4875,7.63,6.7954,10.7672,0.075,12.53,6.25,0.2959,-10547.64
Public,PUNJAB NATIONAL BANK,2018,8880.87,-1.6,83.86,24452.7,69360,3.33,-1.9073,20.4781,56.6359,5.3634,13.5487,6.12,6.533,10.7885,-0.6318,12.2,6.0,0.2935,-12666.66
Public,PUNJAB NATIONAL BANK,2019,7377.41,0.02,87.24,24434.6,65116,3.95,0.0238,15.647,59.1328,5.7794,13.5606,1.18,4.0416,11.228,0.0079,13.21,6.5,0.3314,-12086.78
Public,PUNJAB NATIONAL BANK,2020,9274.13,0.04,84.73,14464.1,63128,3.72,0.0477,18.1487,56.8011,7.5069,13.63,6.94,-7.9646,12.6008,0.0158,17.6,5.25,0.3449,-11412.72
Public,STATE BANK OF BIKANER AND JAIPUR,2005,483.12,0.88,81.26,45.87,12120,3.77,1.4791,30.1643,51.3699,5.5384,10.0618,16.07,7.9234,10.3661,0.4119,13.69,6.0,0.4214,-12723.46
Public,STATE BANK OF BIKANER AND JAIPUR,2006,247.91,0.53,78.85,42.48,12089,4.25,0.8909,17.0514,57.7735,5.1089,10.2224,16.07,8.0607,9.8025,0.248,13.58,6.5,1.1539,-18570.78
Public,STATE BANK OF BIKANER AND JAIPUR,2007,493.2,1.0,82.53,75.66,11752,5.8,1.6808,23.3233,59.4834,4.7923,10.4489,22.65,7.6608,9.8621,0.468,14.29,7.0,0.6217,-13148.55
Public,STATE BANK OF BIKANER AND JAIPUR,2008,471.66,0.87,82.88,75.91,11421,6.37,1.4623,17.0018,60.932,4.1629,10.6251,17.29,3.0867,10.5385,0.4072,15.7,7.0,0.5898,-12391.5
Public,STATE BANK OF BIKANER AND JAIPUR,2009,577.05,0.92,84.59,73.43,11439,8.35,1.5464,16.0297,64.3748,4.4133,10.7444,11.93,7.8619,11.4597,0.4306,15.82,5.0,0.5221,-11458.98
Public,STATE BANK OF BIKANER AND JAIPUR,2010,582.68,0.93,85.07,141.91,11629,10.88,1.5632,15.8793,64.9688,4.4648,10.8994,15.5,8.4976,11.0076,0.4353,15.38,4.25,0.626,-11999.1
Public,STATE BANK OF BIKANER AND JAIPUR,2011,639.69,0.96,85.54,298.39,11444,11.99,1.6136,15.3513,65.4547,4.5284,11.0502,15.08,5.2413,11.0845,0.5787,14.93,6.5,0.6861,-13484.06
Public,STATE BANK OF BIKANER AND JAIPUR,2012,598.97,0.99,84.89,479.59,12866,8.86,1.664,10.7736,67.8969,5.7424,11.1917,14.16,5.4564,10.6839,0.5968,14.18,8.5,0.8499,-12920.82
Public,STATE BANK OF BIKANER AND JAIPUR,2013,726.29,0.96,83.84,561.72,12831,9.31,1.6136,10.9295,66.888,5.5386,11.3623,17.06,6.3861,10.2952,0.5787,13.88,7.9,0.6094,-12850.27
Public,STATE BANK OF BIKANER AND JAIPUR,2014,876.34,0.87,81.29,534.74,13359,11.06,1.4623,12.449,70.6142,5.8936,11.4173,14.45,7.4102,10.4409,0.5245,13.34,7.75,0.5158,-13619.2
Public,STATE BANK OF BIKANER AND JAIPUR,2015,926.39,0.84,82.34,566.07,13238,6.65,1.4119,11.3415,67.9838,5.8774,11.5357,11.84,7.9962,10.4283,0.5064,13.0,8.0,0.487,-12282.93
Public,STATE BANK OF BIKANER AND JAIPUR,2016,1057.05,0.83,85.24,1145.32,13529,4.91,1.3951,12.301,66.1245,6.1138,11.6108,7.52,8.2563,10.3085,0.3277,12.8,6.75,0.555,-12611.35
Public,STATE BANK OF BIKANER AND JAIPUR,2017,1415.62,-1.22,89.44,3874.96,13045,4.95,-2.0506,17.2279,55.747,5.462,11.6639,5.3,6.7954,10.7672,-0.4817,12.53,6.25,0.4386,-12705.05
Public,STATE BANK OF HYDERABAD,2005,421.64,0.79,82.84,85.0,13107,3.77,1.0974,20.3109,44.6699,5.0559,10.4609,-120.3,7.9234,10.3661,0.3697,13.69,6.0,0.369,-12956.06
Public,STATE BANK OF HYDERABAD,2006,459.04,1.13,83.74,85.0,13108,4.25,1.5698,19.1922,51.3483,5.203,10.6123,15.14,8.0607,9.8025,0.5289,13.58,6.5,0.6231,-13576.0
Public,STATE BANK OF HYDERABAD,2007,584.34,1.14,84.61,46.0,12880,5.8,1.5837,18.6195,57.3046,5.1799,10.8006,18.84,7.6608,9.8621,0.5335,14.29,7.0,0.3772,-11825.23
Public,STATE BANK OF HYDERABAD,2008,677.14,1.0,81.32,-30.5,12813,6.37,1.3892,15.8157,58.1774,4.3722,11.0287,22.81,3.0867,10.5385,0.468,15.7,7.0,0.37,-10825.76
Public,STATE BANK OF HYDERABAD,2009,769.32,0.91,81.4,134.77,12577,8.35,1.2641,13.8724,56.9318,4.1818,11.2479,21.92,7.8619,11.4597,0.4259,15.82,5.0,0.4531,-10790.97
Public,STATE BANK OF HYDERABAD,2010,841.33,1.03,82.56,137.52,13597,10.88,1.4308,13.5881,59.7661,4.8249,11.3895,14.15,8.4976,11.0076,0.4821,15.38,4.25,0.4788,-10649.06
Public,STATE BANK OF HYDERABAD,2011,983.75,1.22,83.06,405.73,14778,11.99,1.6948,13.4351,60.6574,4.9815,11.5778,18.83,5.2413,11.0845,0.7355,14.93,6.5,0.5918,-11676.69
Public,STATE BANK OF HYDERABAD,2012,1024.31,1.15,83.45,616.55,15043,8.86,1.5975,10.3099,65.1245,5.4918,11.6811,10.34,5.4564,10.6839,0.6933,14.18,8.5,0.5604,-11588.87
Public,STATE BANK OF HYDERABAD,2013,975.61,0.99,83.28,1041.62,16538,9.31,1.3753,8.6197,66.0331,5.6083,11.821,13.99,6.3861,10.2952,0.5968,13.88,7.9,0.5152,-12168.69
Public,STATE BANK OF HYDERABAD,2014,982.46,0.7,84.47,1050.27,16713,11.06,0.9724,8.065,67.6051,5.9152,11.86,3.9,7.4102,10.4409,0.422,13.34,7.75,0.503,-12285.04
Public,STATE BANK OF HYDERABAD,2015,1325.06,0.89,84.25,668.88,17414,6.65,1.2364,10.7337,67.9943,6.2113,11.948,8.8,7.9962,10.4283,0.5365,13.0,8.0,0.4278,-12653.81
Public,STATE BANK OF HYDERABAD,2016,1445.58,0.65,83.34,1583.28,18842,4.91,0.903,11.218,67.4772,6.3182,12.0112,6.33,8.2563,10.3085,0.2567,12.8,6.75,0.499,-12245.89
Public,STATE BANK OF HYDERABAD,2017,1910.92,-1.55,86.95,6498.38,18285,4.95,-2.1532,15.5508,48.64,5.4464,12.0027,6.33,6.7954,10.7672,-0.612,12.53,6.25,0.4367,-11739.85
Public,STATE BANK OF INDIA,2005,7119.9,0.99,79.81,1204.0,205515,3.77,1.695,24.1568,44.0056,5.2344,13.0387,103.61,7.9234,10.3661,0.4633,13.69,6.0,0.3475,-12687.7
Public,STATE BANK OF INDIA,2006,7435.2,0.89,76.93,147.81,198774,4.25,1.5238,23.4625,52.993,5.5956,13.1104,7.16,8.0607,9.8025,0.4165,13.58,6.5,0.3751,-13440.19
Public,STATE BANK OF INDIA,2007,6765.26,0.84,76.87,1428.26,185388,5.8,1.4382,21.0205,59.5406,5.5243,13.2474,13.7,7.6608,9.8621,0.3931,14.29,7.0,0.5855,-13831.21
Public,STATE BANK OF INDIA,2008,8694.93,1.01,74.48,2000.94,179205,6.37,1.7293,19.3063,57.762,6.7957,13.4891,24.18,3.0867,10.5385,0.4727,15.7,7.0,0.5285,-12185.25
Public,STATE BANK OF INDIA,2009,12690.8,1.04,76.94,2474.96,205896,8.35,1.7806,20.8625,56.251,6.0085,13.7793,29.02,7.8619,11.4597,0.4867,15.82,5.0,0.4208,-11430.4
Public,STATE BANK OF INDIA,2010,14968.2,0.88,76.33,4622.33,200299,10.88,1.5067,22.8022,59.9873,6.2605,13.8676,8.83,8.4976,11.0076,0.4119,15.38,4.25,0.458,-12215.56
Public,STATE BANK OF INDIA,2011,15824.6,0.71,76.32,8415.44,222933,11.99,1.2156,21.3259,61.8368,5.3105,14.0174,14.99,5.2413,11.0845,0.428,14.93,6.5,0.5603,-12485.84
Public,STATE BANK OF INDIA,2012,14351.5,0.88,78.15,11494.1,215481,8.86,1.5067,15.138,64.9619,6.286,14.1048,8.74,5.4564,10.6839,0.5305,14.18,8.5,0.7394,-12852.88
Public,STATE BANK OF INDIA,2013,16036.8,0.97,76.79,10657.0,228296,9.31,1.6608,15.0712,66.7609,6.3136,14.2642,15.93,6.3861,10.2952,0.5848,13.88,7.9,0.5414,-12871.11
Public,STATE BANK OF INDIA,2014,18552.9,0.65,77.78,14478.5,222033,11.06,1.1129,15.5674,67.4846,6.5978,14.3993,13.51,7.4102,10.4409,0.3919,13.34,7.75,0.4994,-13330.88
Public,STATE BANK OF INDIA,2015,22575.9,0.68,76.99,17487.4,213242,6.65,1.1643,16.4885,63.4754,6.2712,14.5324,13.32,7.9962,10.4283,0.4099,13.0,8.0,0.4032,-12659.55
Public,STATE BANK OF INDIA,2016,27845.4,0.46,73.41,29880.8,210985,4.91,0.7876,18.556,62.0839,6.1195,14.6732,14.08,8.2563,10.3085,0.1816,12.8,6.75,0.3634,-12287.09
Public,STATE BANK OF INDIA,2017,35460.9,0.41,75.56,32905.6,209572,4.95,0.702,21.556,58.0598,6.9582,14.811,13.78,6.7954,10.7672,0.1619,12.53,6.25,0.3365,-11847.24
Public,STATE BANK OF INDIA,2018,44600.7,-0.19,78.34,71374.2,264041,3.33,-0.3253,21.7398,56.0063,6.3428,15.0553,24.43,6.533,10.7885,-0.075,12.2,6.0,0.3837,-12023.26
Public,STATE BANK OF INDIA,2019,36774.9,-1.25,79.09,54617.7,257252,3.95,-2.1402,17.5155,59.3841,6.0016,15.1187,6.34,4.0416,11.228,-0.4936,13.21,6.5,0.4945,-13686.75
Public,STATE BANK OF INDIA,2020,45221.5,0.38,82.04,42997.5,249448,3.72,0.6506,19.8888,58.8473,5.8715,15.1896,6.34,-7.9646,12.6008,0.15,17.6,5.25,0.3675,-13202.75
Public,STATE BANK OF INDORE,2005,178.27,0.92,81.71,5.0,0,3.77,16.0639,18.5752,53.5001,5.347,9.735,20.34,7.9234,10.3661,0.4306,13.69,6.0,0.4333,-13716.88
Public,STATE BANK OF INDORE,2006,244.92,0.76,80.44,5.0,0,4.25,13.2702,20.9256,57.3419,4.914,9.9384,20.34,8.0607,9.8025,0.3557,13.58,6.5,0.4116,-13207.89
Public,STATE BANK OF INDORE,2007,264.45,0.87,81.45,48.44,0,5.8,15.1909,17.4764,62.5903,4.7987,10.1075,16.91,7.6608,9.8621,0.4072,14.29,7.0,0.5221,-12318.83
Public,STATE BANK OF INDORE,2008,310.53,0.88,84.37,70.46,0,6.37,15.3655,14.7517,62.2501,4.4961,10.2845,17.7,3.0867,10.5385,0.4119,15.7,7.0,0.468,-11395.16
Public,STATE BANK OF INDORE,2009,350.4,0.88,85.66,56.95,0,8.35,15.3655,13.4591,65.341,4.73,10.4066,12.2,7.8619,11.4597,0.4119,15.82,5.0,0.4323,-11040.15
Public,STATE BANK OF INDORE,2010,373.38,0.91,86.58,162.05,0,10.88,15.8893,14.3534,66.9423,5.2066,10.4736,6.7,8.4976,11.0076,0.4259,15.38,4.25,0.4444,-11268.02
Public,STATE BANK OF MYSORE,2005,379.91,1.25,82.07,127.83,0,3.77,1.3547,35.3507,53.0506,4.57,9.7143,-75.93,7.9234,10.3661,0.585,13.69,6.0,0.3587,-13179.78
Public,STATE BANK OF MYSORE,2006,335.68,1.23,84.65,149.27,0,4.25,1.3331,28.6184,60.7844,4.8363,9.8698,15.55,8.0607,9.8025,0.5757,13.58,6.5,0.4346,-14001.23
Public,STATE BANK OF MYSORE,2007,350.22,1.1,82.04,40.43,0,5.8,1.1922,22.3857,61.341,4.2519,10.1977,32.8,7.6608,9.8621,0.5148,14.29,7.0,0.5038,-13394.06
Public,STATE BANK OF MYSORE,2008,422.13,1.08,83.04,21.51,0,6.37,1.1705,18.3564,63.5843,4.1664,10.4064,20.86,3.0867,10.5385,0.5055,15.7,7.0,0.4639,-12101.62
Public,STATE BANK OF MYSORE,2009,480.36,0.91,81.3,54.16,0,8.35,0.9863,15.685,63.2717,5.6095,10.6087,20.23,7.8619,11.4597,0.4259,15.82,5.0,0.4314,-11487.78
Public,STATE BANK OF MYSORE,2010,425.72,1.06,85.62,86.25,0,10.88,1.1488,13.0599,65.0442,5.8695,10.7235,11.48,8.4976,11.0076,0.4961,15.38,4.25,0.5979,-12089.26
Public,STATE BANK OF MYSORE,2011,455.18,1.03,83.07,455.78,0,11.99,1.1163,12.5851,65.4011,7.0789,10.8596,13.62,5.2413,11.0845,0.6209,14.93,6.5,0.6689,-12876.9
Public,STATE BANK OF MYSORE,2012,516.39,0.67,83.08,503.75,0,8.86,0.7261,11.3399,65.9486,6.6031,11.0088,14.92,5.4564,10.6839,0.4039,14.18,8.5,0.6161,-12564.73
Public,STATE BANK OF MYSORE,2013,595.59,0.66,84.73,412.77,0,9.31,0.7153,10.9156,66.8314,6.4441,11.1159,10.71,6.3861,10.2952,0.3979,13.88,7.9,0.472,-12071.58
Public,STATE BANK OF MYSORE,2014,572.56,0.4,83.22,670.48,0,11.06,0.4335,10.2962,66.8889,6.1487,11.2115,8.94,7.4102,10.4409,0.2411,13.34,7.75,0.5188,-13033.27
Public,STATE BANK OF MYSORE,2015,767.61,0.54,83.13,517.17,0,6.65,0.5852,12.4127,65.4669,6.2067,11.2831,7.16,7.9962,10.4283,0.3255,13.0,8.0,0.4088,-12747.23
Public,STATE BANK OF MYSORE,2016,812.01,0.44,85.05,948.92,0,4.91,0.4769,12.9632,65.0246,6.3173,11.3263,4.32,8.2563,10.3085,0.1737,12.8,6.75,0.5158,-13115.29
Public,STATE BANK OF MYSORE,2017,997.41,-2.29,88.18,2906.01,0,4.95,-2.4819,16.9903,38.7374,4.2709,11.3963,7.0,6.7954,10.7672,-0.9042,12.53,6.25,0.4058,-13823.79
Public,STATE BANK OF PATIALA,2005,355.7,0.91,84.11,50.0,0,3.77,0.864,17.6971,48.7552,6.4895,10.3578,-103.85,7.9234,10.3661,0.4259,13.69,6.0,0.4654,-11576.73
Public,STATE BANK OF PATIALA,2006,347.05,0.73,81.92,-32.0,0,4.25,0.6931,15.7963,53.7915,5.4194,10.627,26.92,8.0607,9.8025,0.3417,13.58,6.5,0.4814,-12801.36
Public,STATE BANK OF PATIALA,2007,442.64,0.77,82.56,64.32,0,5.8,0.7311,15.538,60.6181,5.2422,10.7677,14.07,7.6608,9.8621,0.3604,14.29,7.0,0.5272,-11813.99
Public,STATE BANK OF PATIALA,2008,595.76,0.83,82.24,76.79,0,6.37,0.7881,14.1883,61.6323,4.5862,10.9863,21.86,3.0867,10.5385,0.3885,15.7,7.0,0.4456,-10737.07
Public,STATE BANK OF PATIALA,2009,631.64,0.83,86.19,73.49,0,8.35,0.7881,11.1958,62.6086,4.5012,11.1508,16.45,7.8619,11.4597,0.3885,15.82,5.0,0.498,-10707.94
Public,STATE BANK OF PATIALA,2010,674.44,0.79,84.85,219.4,0,10.88,0.7501,11.7319,60.9215,4.9254,11.2395,8.87,8.4976,11.0076,0.3697,15.38,4.25,0.5301,-10940.19
Public,STATE BANK OF PATIALA,2011,755.54,0.88,83.74,675.18,0,11.99,0.8355,12.7974,63.2742,5.0381,11.3057,6.62,5.2413,11.0845,0.5305,14.93,6.5,0.678,-12202.68
Public,STATE BANK OF PATIALA,2012,751.03,0.93,80.6,398.79,0,8.86,0.883,9.949,63.8753,4.8524,11.4981,19.24,5.4564,10.6839,0.5607,14.18,8.5,0.6245,-11671.82
Public,STATE BANK OF PATIALA,2013,758.82,0.68,81.69,247.92,0,9.31,0.6456,8.7672,67.9865,4.9212,11.595,9.69,6.3861,10.2952,0.4099,13.88,7.9,0.6027,-12286.67
Public,STATE BANK OF PATIALA,2014,871.29,0.42,78.58,625.34,0,11.06,0.3988,9.6715,66.5406,5.3727,11.645,5.0,7.4102,10.4409,0.2532,13.34,7.75,0.4753,-12803.07
Public,STATE BANK OF PATIALA,2015,1006.71,0.33,78.33,887.24,0,6.65,0.3133,10.7625,67.383,6.2071,11.6674,2.24,7.9962,10.4283,0.1989,13.0,8.0,0.4451,-12361.31
Public,STATE BANK OF PATIALA,2016,1121.36,-0.82,81.23,2924.03,0,4.91,-0.7786,11.6092,62.4216,5.9903,11.788,-2.35,8.2563,10.3085,-0.3238,12.8,6.75,0.4344,-11854.11
Public,STATE BANK OF PATIALA,2017,1480.51,-2.8,82.06,6775.82,0,4.95,-2.6585,16.5678,57.0052,6.9023,11.7186,-6.94,6.7954,10.7672,-1.1056,12.53,6.25,0.376,-12162.17
Public,STATE BANK OF SAURASHTRA,2005,133.06,0.31,83.79,-58.21,0,3.77,3.8158,13.156,44.6024,5.2763,9.6193,9.36,7.9234,10.3661,0.1451,13.69,6.0,0.6657,-12703.95
Public,STATE BANK OF SAURASHTRA,2006,105.05,0.31,83.74,26.92,0,4.25,3.8158,10.7915,51.0783,5.9113,9.7129,9.36,8.0607,9.8025,0.1451,13.58,6.5,0.9971,-14728.76
Public,STATE BANK OF SAURASHTRA,2007,156.67,0.46,83.86,10.92,0,5.8,5.6622,13.9134,58.7957,5.5315,9.8441,13.12,7.6608,9.8621,0.2153,14.29,7.0,0.7843,-13427.06
Public,STATE BANK OF SAURASHTRA,2008,206.84,0.28,75.7,49.05,0,6.37,3.4466,15.0871,57.3138,5.3612,9.9692,12.51,3.0867,10.5385,0.131,15.7,7.0,0.5432,-13139.67
Public,STATE BANK OF TRAVANCORE,2005,408.52,0.86,83.58,-60.0,0,3.77,1.1051,21.3416,51.4235,3.9134,10.2707,30.15,7.9234,10.3661,0.4025,13.69,6.0,0.3483,-11462.03
Public,STATE BANK OF TRAVANCORE,2006,351.08,0.86,81.59,46.0,0,4.25,1.1051,17.4032,59.2121,4.1794,10.3692,9.85,8.0607,9.8025,0.4025,13.58,6.5,0.4496,-13285.04
Public,STATE BANK OF TRAVANCORE,2007,363.54,0.86,81.55,69.85,0,5.8,1.1051,15.0914,64.8272,4.2098,10.5452,12.14,7.6608,9.8621,0.4025,14.29,7.0,0.5976,-12702.4
Public,STATE BANK OF TRAVANCORE,2008,438.75,0.89,80.54,97.81,0,6.37,1.1436,13.7715,64.1008,3.9142,10.6895,14.44,3.0867,10.5385,0.4165,15.7,7.0,0.5295,-11807.39
Public,STATE BANK OF TRAVANCORE,2009,573.1,1.3,85.19,58.75,0,8.35,1.6704,14.7067,66.0603,4.559,10.8067,11.72,7.8619,11.4597,0.6084,15.82,5.0,0.3812,-11410.35
Public,STATE BANK OF TRAVANCORE,2010,527.96,1.26,85.58,80.53,0,10.88,1.619,13.3654,64.69,4.7777,10.993,18.63,8.4976,11.0076,0.5897,15.38,4.25,0.4527,-12461.5
Public,STATE BANK OF TRAVANCORE,2011,581.24,1.12,81.94,245.5,0,11.99,1.4391,12.344,64.8723,4.8798,11.1701,17.71,5.2413,11.0845,0.6752,14.93,6.5,0.4529,-12482.29
Public,STATE BANK OF TRAVANCORE,2012,580.91,0.65,83.12,420.87,0,8.86,0.8352,9.2987,64.3657,4.4962,11.362,17.19,5.4564,10.6839,0.3919,14.18,8.5,0.5081,-12270.95
Public,STATE BANK OF TRAVANCORE,2013,653.02,0.66,83.31,288.13,0,9.31,0.8481,8.3106,66.4344,4.2971,11.5286,16.66,6.3861,10.2952,0.3979,13.88,7.9,0.4961,-12144.07
Public,STATE BANK OF TRAVANCORE,2014,851.95,0.29,84.85,577.78,0,11.06,0.3726,9.8003,65.9204,4.3452,11.5644,3.58,7.4102,10.4409,0.1748,13.34,7.75,0.419,-12562.61
Public,STATE BANK OF TRAVANCORE,2015,1014.79,0.32,86.25,749.14,0,6.65,0.4112,11.7213,65.0792,4.974,11.5674,0.29,7.9962,10.4283,0.1929,13.0,8.0,0.3583,-12351.57
Public,STATE BANK OF TRAVANCORE,2016,1148.19,0.31,88.31,1442.85,0,4.91,0.3983,12.9691,57.1724,5.2583,11.6484,8.1,8.2563,10.3085,0.1224,12.8,6.75,0.4183,-11946.95
Public,STATE BANK OF TRAVANCORE,2017,1481.62,-1.75,91.08,3218.36,0,4.95,-2.2487,17.2215,38.6109,3.5061,11.7434,9.5,6.7954,10.7672,-0.691,12.53,6.25,0.3806,-12585.05
Public,SYNDICATE BANK,2005,590.42,0.82,88.84,133.22,0,3.77,1.0426,19.1456,51.2944,4.219,10.8611,73.77,7.9234,10.3661,0.3838,13.69,6.0,0.3136,-15212.67
Public,SYNDICATE BANK,2006,561.97,0.91,87.8,290.06,0,4.25,1.157,17.6855,59.7056,4.6394,11.0199,15.88,8.0607,9.8025,0.4259,13.58,6.5,0.3425,-16560.15
Public,SYNDICATE BANK,2007,618.48,0.91,88.08,303.65,0,5.8,1.157,11.7301,57.8763,4.0623,11.3995,17.06,7.6608,9.8621,0.4259,14.29,7.0,0.3453,-13259.78
Public,SYNDICATE BANK,2008,890.05,0.88,88.83,345.41,0,6.37,1.1189,12.1894,59.7868,4.0057,11.5818,18.23,3.0867,10.5385,0.4119,15.7,7.0,0.3338,-11871.81
Public,SYNDICATE BANK,2009,914.66,0.81,88.97,380.83,0,8.35,1.0299,10.5753,62.594,3.8463,11.7772,19.54,7.8619,11.4597,0.3791,15.82,5.0,0.3003,-12239.87
Public,SYNDICATE BANK,2010,1167.46,0.62,84.16,530.56,0,10.88,0.7883,12.716,65.0167,4.0468,11.8426,15.7,8.4976,11.0076,0.2902,15.38,4.25,0.2996,-12136.42
Public,SYNDICATE BANK,2011,915.12,0.76,86.62,929.04,0,11.99,0.9663,9.321,68.2144,4.5042,11.9611,11.85,5.2413,11.0845,0.4582,14.93,6.5,0.3845,-13689.1
Public,SYNDICATE BANK,2012,1075.88,0.81,86.56,1399.74,0,8.86,1.0299,7.9517,67.7489,4.9549,12.1143,15.33,5.4564,10.6839,0.4883,14.18,8.5,0.3693,-12796.72
Public,SYNDICATE BANK,2013,1174.36,1.07,86.16,1135.44,0,9.31,1.3605,7.7689,68.5977,4.9002,12.279,16.46,6.3861,10.2952,0.6451,13.88,7.9,0.3614,-12887.27
Public,SYNDICATE BANK,2014,1323.95,0.78,84.31,989.88,0,11.06,0.9917,7.9548,69.0508,4.7027,12.4366,15.77,7.4102,10.4409,0.4702,13.34,7.75,0.3435,-12580.16
Public,SYNDICATE BANK,2015,2109.59,0.58,84.25,1621.64,0,6.65,0.7375,10.4944,66.8744,4.3079,12.6219,18.53,7.9962,10.4283,0.3497,13.0,8.0,0.3244,-11671.09
Public,SYNDICATE BANK,2016,2508.73,-0.56,84.99,3638.37,0,4.91,-0.712,12.259,65.3863,4.0063,12.6378,1.58,8.2563,10.3085,-0.2211,12.8,6.75,0.3041,-12999.05
Public,SYNDICATE BANK,2017,3457.39,0.12,87.12,3545.44,0,4.95,0.1526,16.4944,66.7627,4.7427,12.6084,-2.93,6.7954,10.7672,0.0474,12.53,6.25,0.3543,-12315.12
Public,SYNDICATE BANK,2018,2805.9,-1.05,84.2,7620.08,0,3.33,-1.335,14.7,65.0305,4.612,12.6884,8.0,6.533,10.7885,-0.4146,12.2,6.0,0.3006,-13230.05
Public,SYNDICATE BANK,2019,2223.81,-0.87,83.49,5137.61,0,3.95,-1.1062,12.4265,55.025,5.3233,12.6484,-4.0,4.0416,11.228,-0.3435,13.21,6.5,0.3495,-14891.37
Public,SYNDICATE BANK,2020,3047.12,-1.2,86.09,7088.8,0,3.72,-1.5258,16.7263,56.4377,3.8215,12.6969,4.84,-7.9646,12.6008,-0.4738,17.6,5.25,0.3558,-14750.2
Public,UCO BANK,2005,515.56,0.73,90.62,183.51,0,3.77,0.7571,17.3066,50.6612,3.7901,10.9076,12.47,7.9234,10.3661,0.3417,13.69,6.0,0.3089,-14489.44
Public,UCO BANK,2006,374.05,0.34,88.2,181.26,0,4.25,0.3526,10.5328,60.443,3.9821,11.0323,12.47,8.0607,9.8025,0.1591,13.58,6.5,0.5427,-15145.76
Public,UCO BANK,2007,550.43,0.47,86.64,290.24,0,5.8,0.4874,12.0499,62.7658,3.5559,11.2234,15.32,7.6608,9.8621,0.22,14.29,7.0,0.3092,-13153.34
Public,UCO BANK,2008,772.13,0.52,88.99,370.07,0,6.37,0.5393,12.9232,61.3419,3.2589,11.4053,18.18,3.0867,10.5385,0.2434,15.7,7.0,0.3032,-12032.68
Public,UCO BANK,2009,1019.89,0.59,89.75,268.42,0,8.35,0.6119,13.2828,61.6168,3.5437,11.6232,21.8,7.8619,11.4597,0.2761,15.82,5.0,0.2902,-11362.87
Public,UCO BANK,2010,965.93,0.87,89.15,352.8,0,10.88,0.9023,10.8436,60.0822,3.7945,11.8301,20.68,8.4976,11.0076,0.4072,15.38,4.25,0.3125,-11553.44
Public,UCO BANK,2011,925.41,0.66,88.91,1179.87,0,11.99,0.6845,9.0541,60.6314,4.5406,12.004,17.39,5.2413,11.0845,0.3979,14.93,6.5,0.3561,-12457.77
Public,UCO BANK,2012,965.56,0.69,85.32,800.04,0,8.86,0.7156,7.1303,64.0116,4.772,12.1035,9.95,5.4564,10.6839,0.416,14.18,8.5,0.3014,-11725.56
Public,UCO BANK,2013,952.17,0.33,87.3,1788.95,0,9.31,0.3422,6.1322,64.5769,4.8741,12.1993,9.58,6.3861,10.2952,0.1989,13.88,7.9,0.3273,-11675.94
Public,UCO BANK,2014,1320.51,0.7,83.44,1470.57,0,11.06,0.726,7.7172,62.5549,4.6947,12.3847,18.54,7.4102,10.4409,0.422,13.34,7.75,0.3189,-11408.86
Public,UCO BANK,2015,2003.54,0.48,87.16,1875.45,0,6.65,0.4978,10.7102,59.919,5.1029,12.4128,2.8,7.9962,10.4283,0.2894,13.0,8.0,0.3394,-10823.19
Public,UCO BANK,2016,1596.31,-1.25,84.58,6348.39,0,4.91,-1.2963,9.2185,51.4146,5.1135,12.4085,-0.42,8.2563,10.3085,-0.4936,12.8,6.75,0.3166,-11573.16
Public,UCO BANK,2017,2114.49,-0.75,87.01,4498.8,0,4.95,-0.7778,13.6992,51.7527,5.5129,12.3516,-5.69,6.7954,10.7672,-0.2961,12.53,6.25,0.4118,-11374.09
Public,UCO BANK,2018,1121.0,-1.88,84.17,7563.86,0,3.33,-1.9497,9.1663,49.7417,6.9228,12.2833,-6.84,6.533,10.7885,-0.7423,12.2,6.0,0.3311,-13225.48
Public,UCO BANK,2019,1513.51,-1.84,85.87,8562.12,0,3.95,-1.9082,11.8431,43.0892,7.5454,12.3479,6.46,4.0416,11.228,-0.7265,13.21,6.5,0.37,-12713.68
Public,UCO BANK,2020,2871.21,-0.96,81.9,6486.64,0,3.72,-0.9956,19.2988,42.8871,8.1428,12.3712,2.33,-7.9646,12.6008,-0.3791,17.6,5.25,0.3838,-10719.46
Public,UNION BANK OF INDIA,2005,766.1,1.1,85.39,216.46,0,3.77,1.5344,17.1066,55.3836,4.9914,11.1901,14.15,7.9234,10.3661,0.5148,13.69,6.0,0.2613,-12606.52
Public,UNION BANK OF INDIA,2006,494.49,0.84,83.13,155.73,0,4.25,1.1717,9.9781,59.8927,5.1143,11.3978,14.15,8.0607,9.8025,0.3931,13.58,6.5,0.499,-14098.39
Public,UNION BANK OF INDIA,2007,686.54,0.92,82.96,330.0,0,5.8,1.2833,10.4135,60.7594,5.0545,11.5394,14.15,7.6608,9.8621,0.4306,14.29,7.0,0.4637,-12645.51
Public,UNION BANK OF INDIA,2008,1319.64,1.26,83.76,585.22,0,6.37,1.7576,14.7589,59.8966,5.926,11.728,18.86,3.0867,10.5385,0.5897,15.7,7.0,0.2561,-10837.58
Public,UNION BANK OF INDIA,2009,1482.55,1.27,86.16,546.48,0,8.35,1.7715,13.2871,59.9683,5.4296,11.989,26.1,7.8619,11.4597,0.5944,15.82,5.0,0.2576,-11529.83
Public,UNION BANK OF INDIA,2010,1974.74,1.25,87.13,698.92,0,10.88,1.7436,15.4644,61.1366,5.3411,12.1816,19.26,8.4976,11.0076,0.585,15.38,4.25,0.2785,-11090.55
Public,UNION BANK OF INDIA,2011,2038.78,1.05,85.79,1187.69,0,11.99,1.4646,14.0205,63.9814,5.4091,12.3715,18.99,5.2413,11.0845,0.633,14.93,6.5,0.2749,-12996.98
Public,UNION BANK OF INDIA,2012,2448.2,0.79,85.0,1510.73,0,8.86,1.102,12.5619,67.8392,5.5806,12.4769,10.54,5.4564,10.6839,0.4763,14.18,8.5,0.3168,-11798.84
Public,UNION BANK OF INDIA,2013,2552.03,0.79,84.5,1555.52,0,9.31,1.102,11.017,66.6708,5.5413,12.6512,17.43,6.3861,10.2952,0.4763,13.88,7.9,0.3074,-11884.33
Public,UNION BANK OF INDIA,2014,2821.54,0.52,84.14,2106.17,0,11.06,0.7253,10.5722,64.7588,5.2223,12.7764,12.52,7.4102,10.4409,0.3135,13.34,7.75,0.2882,-12204.51
Public,UNION BANK OF INDIA,2015,3523.0,0.49,83.03,2536.67,0,6.65,0.6835,11.9572,66.9926,5.1782,12.8522,7.57,7.9962,10.4283,0.2954,13.0,8.0,0.2988,-11999.83
Public,UNION BANK OF INDIA,2016,3631.74,0.35,84.69,4655.03,0,4.91,0.4882,12.2992,66.0629,5.6564,12.9109,5.87,8.2563,10.3085,0.1382,12.8,6.75,0.2829,-12040.82
Public,UNION BANK OF INDIA,2017,4964.6,0.13,83.03,6032.0,0,4.95,0.1813,15.919,63.279,5.2962,13.023,11.21,6.7954,10.7672,0.0513,12.53,6.25,0.3041,-11219.52
Public,UNION BANK OF INDIA,2018,4989.87,-1.07,83.82,13499.8,0,3.33,-1.4925,16.0534,59.2475,5.1493,13.0968,7.38,6.533,10.7885,-0.4225,12.2,6.0,0.3231,-11356.8
Public,UNION BANK OF INDIA,2019,4473.95,-0.59,84.19,11435.4,0,3.95,-0.823,14.2605,60.103,5.3613,13.1104,1.36,4.0416,11.228,-0.233,13.21,6.5,0.4233,-11993.28
Public,UNION BANK OF INDIA,2020,5260.79,-0.53,81.84,9304.2,0,3.72,-0.7393,15.0414,57.2106,6.1352,13.2189,10.85,-7.9646,12.6008,-0.2093,17.6,5.25,0.3598,-11556.66
Public,UNITED BANK OF INDIA,2005,478.5,1.04,87.11,72.54,0,3.77,0.7933,25.0869,39.1427,6.7263,10.2784,24.1,7.9234,10.3661,0.4867,13.69,6.0,0.3981,-13134.98
Public,UNITED BANK OF INDIA,2006,436.96,0.66,87.98,134.15,0,4.25,0.5035,22.0312,46.6868,5.5005,10.4117,24.1,8.0607,9.8025,0.3089,13.58,6.5,0.3802,-14643.21
Public,UNITED BANK OF INDIA,2007,347.68,0.73,87.84,231.54,0,5.8,0.5569,14.5212,52.367,5.7086,10.6528,24.1,7.6608,9.8621,0.3417,14.29,7.0,0.3834,-14132.05
Public,UNITED BANK OF INDIA,2008,465.49,0.68,86.48,244.99,0,6.37,0.5187,14.9213,51.2937,4.9001,10.9025,24.97,3.0867,10.5385,0.3182,15.7,7.0,0.3057,-13224.39
Public,UNITED BANK OF INDIA,2009,490.86,0.34,87.9,198.82,0,8.35,0.2594,12.8243,57.0489,4.9609,11.0356,13.31,7.8619,11.4597,0.1591,15.82,5.0,0.334,-12854.01
Public,UNITED BANK OF INDIA,2010,558.74,0.45,88.54,272.71,0,10.88,0.3433,11.8038,54.9705,5.0684,11.2516,21.61,8.4976,11.0076,0.2106,15.38,4.25,0.3127,-12434.43
Public,UNITED BANK OF INDIA,2011,637.05,0.66,86.46,419.18,0,11.99,0.5035,11.2174,59.4204,5.5771,11.408,15.64,5.2413,11.0845,0.3979,14.93,6.5,0.3153,-12593.48
Public,UNITED BANK OF INDIA,2012,732.9,0.7,87.36,689.95,0,8.86,0.534,10.025,61.8008,5.4697,11.5328,12.48,5.4564,10.6839,0.422,14.18,8.5,0.2977,-11957.93
Public,UNITED BANK OF INDIA,2013,1066.57,0.38,87.82,1010.45,0,9.31,0.2899,12.1007,60.1218,5.1335,11.6493,11.65,6.3861,10.2952,0.2291,13.88,7.9,0.3123,-11162.43
Public,UNITED BANK OF INDIA,2014,1206.87,-0.99,89.13,2016.95,0,11.06,-0.7552,11.9513,52.5699,4.2226,11.7369,8.76,7.4102,10.4409,-0.5968,13.34,7.75,0.3062,-11158.85
Public,UNITED BANK OF INDIA,2015,1746.91,0.21,88.45,864.98,0,6.65,0.1602,17.2658,54.2667,4.7372,11.7202,-1.68,7.9962,10.4283,0.1266,13.0,8.0,0.4888,-10421.47
Public,UNITED BANK OF INDIA,2016,1467.53,-0.22,89.93,1813.18,0,4.91,-0.1678,17.4055,52.5838,4.5114,11.7709,5.08,8.2563,10.3085,-0.0869,12.8,6.75,0.3888,-14191.25
Public,UNITED BANK OF INDIA,2017,2186.62,0.16,89.99,2011.56,0,4.95,0.1221,24.1534,46.8896,5.1937,11.8569,8.6,6.7954,10.7672,0.0632,12.53,6.25,0.5114,-11427.62
Public,UNITED BANK OF INDIA,2018,2214.57,-1.04,89.35,4277.05,0,3.33,-0.7933,28.1293,43.1715,5.9839,11.8828,2.59,6.533,10.7885,-0.4106,12.2,6.0,0.4773,-12016.68
Public,UNITED BANK OF INDIA,2019,2384.58,-1.6,89.08,5874.16,0,3.95,-1.2205,29.819,44.186,7.5885,11.9285,4.58,4.0416,11.228,-0.6318,13.21,6.5,0.3998,-12345.84
Public,UNITED BANK OF INDIA,2020,2589.04,-4.17,89.95,5240.45,0,3.72,-3.181,37.8482,44.135,4.5156,11.9382,0.96,-7.9646,12.6008,-1.6465,17.6,5.25,0.3752,-21355.01
Public,VIJAYA BANK,2005,351.34,1.43,87.33,181.0,0,3.77,2.5321,18.3989,48.8684,5.4173,10.2866,140.93,7.9234,10.3661,0.6693,13.69,6.0,0.3275,-12392.78
Public,VIJAYA BANK,2006,283.78,0.45,87.87,126.75,0,4.25,0.7968,14.3902,52.8444,5.2932,10.3588,7.23,8.0607,9.8025,0.2106,13.58,6.5,0.6472,-13948.68
Public,VIJAYA BANK,2007,274.79,0.92,88.78,120.68,0,5.8,1.629,11.2288,57.1884,4.4778,10.6539,29.51,7.6608,9.8621,0.4306,14.29,7.0,0.5541,-13433.42
Public,VIJAYA BANK,2008,532.03,0.75,85.35,100.56,0,6.37,1.328,14.3046,56.4023,4.3768,10.9364,28.25,3.0867,10.5385,0.351,15.7,7.0,0.3158,-11134.45
Public,VIJAYA BANK,2009,698.81,0.59,87.42,134.24,0,8.35,1.0447,13.9429,56.8555,5.0484,11.041,10.46,7.8619,11.4597,0.2761,15.82,5.0,0.3303,-11115.13
Public,VIJAYA BANK,2010,679.45,0.76,88.21,474.35,0,10.88,1.3457,14.1301,59.1204,4.9499,11.1592,13.0,8.4976,11.0076,0.3557,15.38,4.25,0.3502,-11896.09
Public,VIJAYA BANK,2011,533.19,0.72,89.31,413.46,0,11.99,1.2749,10.7847,59.4033,5.8734,11.3146,15.54,5.2413,11.0845,0.4341,14.93,6.5,0.3772,-14087.98
Public,VIJAYA BANK,2012,527.9,0.66,86.73,413.94,0,8.86,1.1687,7.217,60.465,5.4845,11.4696,15.5,5.4564,10.6839,0.3979,14.18,8.5,0.36,-11977.25
Public,VIJAYA BANK,2013,607.0,0.59,87.42,428.36,0,9.31,1.0447,7.3169,62.8624,5.0086,11.6171,14.75,6.3861,10.2952,0.3557,13.88,7.9,0.3785,-11958.09
Public,VIJAYA BANK,2014,709.87,0.35,90.49,380.82,0,11.06,0.6197,7.298,59.3367,4.2865,11.8303,21.32,7.4102,10.4409,0.211,13.34,7.75,0.3449,-12168.08
Public,VIJAYA BANK,2015,878.96,0.33,88.6,800.22,0,6.65,0.5843,7.8197,60.7999,4.3198,11.8677,3.74,7.9962,10.4283,0.1989,13.0,8.0,0.3547,-11983.13
Public,VIJAYA BANK,2016,873.86,0.28,86.27,1488.45,0,4.91,0.4958,8.038,61.1978,5.2436,11.8873,1.96,8.2563,10.3085,0.1106,12.8,6.75,0.3986,-12417.49
Public,VIJAYA BANK,2017,1651.26,0.49,85.88,1347.34,0,4.95,0.8676,14.6205,61.0459,5.263,11.9504,6.31,6.7954,10.7672,0.1935,12.53,6.25,0.3978,-12226.96
Public,VIJAYA BANK,2018,1600.61,0.44,88.55,1746.81,0,3.33,0.7791,14.0592,65.3967,5.9827,12.0875,7.04,6.533,10.7885,0.1737,12.2,6.0,0.4105,-12425.71
Public,VIJAYA BANK,2019,1342.24,-1.26,91.58,4009.87,0,3.95,-2.2311,10.7515,68.0307,4.5417,12.1652,7.77,4.0416,11.228,-0.4975,13.21,6.5,0.5685,-14504.87
